date,slate_type,game_date_display,game_time_et,game_day,game_datetime_utc,game,player,team,position,mlb_id,prop,line,opposing_pitcher,pitcher,pitcher_hand,batter_hand,lineup_spot,starter_confirmed,injury_status,lineup_status,ballpark_hr_zone,avoid_warning,confidence_components,sportsbook_odds,implied_probability,value_edge,favorite,hr_probability,real_hr_probability,probability,rating,smart_rank_score,edge,barrel_rate,hard_hit_rate,fly_ball_rate,exit_velocity,launch_angle,max_ev,statcast_source,last_5_hr_games,last_5_hr_count,last_hr_days_ago,recent_hr_chart_data,iso,slg,pull_rate,pitcher_hr9,pitcher_barrel_allowed,primary_pitch,pitch_matchup,pitch_matchup_score,park,park_factor,park_score,weather_boost,weather,weather_score,wind_label,wind_score,wind_boost,wind_direction,wind_speed,temperature,humidity,confidence_score,risk,why_homer,why_fail,reason
2026-09-29,TOMORROW,"Sep 29, 2026",2:00 PM ET,Tuesday,2026-09-29T18:00:00Z,Philadelphia Phillies @ Atlanta Braves,Michael Harris II,Atlanta Braves,CF,671739,Home Runs,0.5,Projected Starter,Projected Starter,Unknown,L,3,Projected,Active,Projected,Slight HR park • pull-side LH power,No major red flags,Power 30%: 97.0 | Pitcher 20%: 70 | Weather 15%: 70.0 | Park 15%: 75.0 | Recent HR 10%: 90 | Lineup 10%: 88 | Pitch Matchup: 86.0,N/A,N/A,Odds feed not connected,No,8.35,8.35,8.35,82.3,99.0,6.27,22.0,62.0,54.8,97.0,17.7,N/A,Proxy,Sep 18 vs Houston Astros: 1 HR (11 days ago) | Sep 12 vs Philadelphia Phillies: 1 HR (17 days ago) | Sep 01 vs Washington Nationals: 1 HR (28 days ago) | Aug 31 vs San Francisco Giants: 1 HR (29 days ago) | Aug 28 vs Colorado Rockies: 1 HR (32 days ago),5,11,"[{""Game"": ""@CC\n9/15/26"", ""Date"": ""Sep 15"", ""Opponent"": ""Chicago Cubs"", ""HR"": 0, ""Days Ago"": 14, ""Tooltip"": ""Sep 15 vs Chicago Cubs \u2014 0 HR""}, {""Game"": ""@CC\n9/16/26"", ""Date"": ""Sep 16"", ""Opponent"": ""Chicago Cubs"", ""HR"": 0, ""Days Ago"": 13, ""Tooltip"": ""Sep 16 vs Chicago Cubs \u2014 0 HR""}, {""Game"": ""@HA\n9/18/26"", ""Date"": ""Sep 18"", ""Opponent"": ""Houston Astros"", ""HR"": 1, ""Days Ago"": 11, ""Tooltip"": ""Sep 18 vs Houston Astros \u2014 1 HR""}, {""Game"": ""@HA\n9/19/26"", ""Date"": ""Sep 19"", ""Opponent"": ""Houston Astros"", ""HR"": 0, ""Days Ago"": 10, ""Tooltip"": ""Sep 19 vs Houston Astros \u2014 0 HR""}, {""Game"": ""@HA\n9/20/26"", ""Date"": ""Sep 20"", ""Opponent"": ""Houston Astros"", ""HR"": 0, ""Days Ago"": 9, ""Tooltip"": ""Sep 20 vs Houston Astros \u2014 0 HR""}, {""Game"": ""@CR\n9/22/26"", ""Date"": ""Sep 22"", ""Opponent"": ""Cincinnati Reds"", ""HR"": 0, ""Days Ago"": 7, ""Tooltip"": ""Sep 22 vs Cincinnati Reds \u2014 0 HR""}, {""Game"": ""@CR\n9/23/26"", ""Date"": ""Sep 23"", ""Opponent"": ""Cincinnati Reds"", ""HR"": 0, ""Days Ago"": 6, ""Tooltip"": ""Sep 23 vs Cincinnati Reds \u2014 0 HR""}, {""Game"": ""@CR\n9/24/26"", ""Date"": ""Sep 24"", ""Opponent"": ""Cincinnati Reds"", ""HR"": 0, ""Days Ago"": 5, ""Tooltip"": ""Sep 24 vs Cincinnati Reds \u2014 0 HR""}, {""Game"": ""@MM\n9/25/26"", ""Date"": ""Sep 25"", ""Opponent"": ""Miami Marlins"", ""HR"": 0, ""Days Ago"": 4, ""Tooltip"": ""Sep 25 vs Miami Marlins \u2014 0 HR""}, {""Game"": ""@MM\n9/26/26"", ""Date"": ""Sep 26"", ""Opponent"": ""Miami Marlins"", ""HR"": 0, ""Days Ago"": 3, ""Tooltip"": ""Sep 26 vs Miami Marlins \u2014 0 HR""}]",0.197,0.491,51.2,1.1,Proxy,Pitch mix pending,Real Statcast barrel rate is elite; Hard-hit profile supports HR upside; Exit velocity supports power; Elite power profile,86.0,Truist Park,Slight Boost,75.0,Neutral,Neutral,70.0,Neutral Wind,70.0,0,116.0,4.2,69.7,40.0,78.8,MED,Power score 97.0; Proxy power data; barrel rate 22; hard-hit 62; EV 97; projected lineup spot 3; pitcher HR/9 1.1; Slight Boost; Neutral; Neutral Wind; Real Statcast barrel rate is elite; Hard-hit profile supports HR upside; Exit velocity supports power; Elite power profile; recent HR log: Sep 18 vs Houston Astros: 1 HR (11 days ago) | Sep 12 vs Philadelphia Phillies: 1 HR (17 days ago) | Sep 01 vs Washington Nationals: 1 HR (28 days ago) | Aug 31 vs San Francisco Giants: 1 HR (29 days ago) | Aug 28 vs Colorado Rockies: 1 HR (32 days ago); Split unknown.,Home runs are low-frequency events; lineup is projected not confirmed; pitcher hand is Unknown; weather direction is 116.0; full pitch-by-pitch mix is still pending until dedicated pitch feed is connected.,HR confidence 78.8/100. Real HR probability estimate 8.35%. Power score 97.0; Proxy power data; barrel rate 22; hard-hit 62; EV 97; projected lineup spot 3; pitcher HR/9 1.1; Slight Boost; Neutral; Neutral Wind; Real Statcast barrel rate is elite; Hard-hit profile supports HR upside; Exit velocity supports power; Elite power profile; recent HR log: Sep 18 vs Houston Astros: 1 HR (11 days ago) | Sep 12 vs Philadelphia Phillies: 1 HR (17 days ago) | Sep 01 vs Washington Nationals: 1 HR (28 days ago) | Aug 31 vs San Francisco Giants: 1 HR (29 days ago) | Aug 28 vs Colorado Rockies: 1 HR (32 days ago); Split unknown. Risk note: Home runs are low-frequency events; lineup is projected not confirmed; pitcher hand is Unknown; weather direction is 116.0; full pitch-by-pitch mix is still pending until dedicated pitch feed is connected.
2026-09-29,TOMORROW,"Sep 29, 2026",2:00 PM ET,Tuesday,2026-09-29T18:00:00Z,Philadelphia Phillies @ Atlanta Braves,Matt Olson,Atlanta Braves,1B,621566,Home Runs,0.5,Projected Starter,Projected Starter,Unknown,L,2,Projected,Active,Projected,Slight HR park • pull-side LH power,No major red flags,Power 30%: 99 | Pitcher 20%: 70 | Weather 15%: 70.0 | Park 15%: 75.0 | Recent HR 10%: 90 | Lineup 10%: 88 | Pitch Matchup: 86.0,N/A,N/A,Odds feed not connected,No,8.95,8.95,8.95,84.8,99.0,7.59,22.0,62.0,55.6,97.0,17.9,N/A,Proxy,Sep 23 vs Cincinnati Reds: 1 HR (6 days ago) | Sep 18 vs Houston Astros: 1 HR (11 days ago) | Sep 13 vs Philadelphia Phillies: 1 HR (16 days ago) | Sep 11 vs Philadelphia Phillies: 1 HR (18 days ago) | Aug 26 vs Los Angeles Dodgers: 1 HR (34 days ago),5,6,"[{""Game"": ""@CC\n9/16/26"", ""Date"": ""Sep 16"", ""Opponent"": ""Chicago Cubs"", ""HR"": 0, ""Days Ago"": 13, ""Tooltip"": ""Sep 16 vs Chicago Cubs \u2014 0 HR""}, {""Game"": ""@HA\n9/18/26"", ""Date"": ""Sep 18"", ""Opponent"": ""Houston Astros"", ""HR"": 1, ""Days Ago"": 11, ""Tooltip"": ""Sep 18 vs Houston Astros \u2014 1 HR""}, {""Game"": ""@HA\n9/19/26"", ""Date"": ""Sep 19"", ""Opponent"": ""Houston Astros"", ""HR"": 0, ""Days Ago"": 10, ""Tooltip"": ""Sep 19 vs Houston Astros \u2014 0 HR""}, {""Game"": ""@HA\n9/20/26"", ""Date"": ""Sep 20"", ""Opponent"": ""Houston Astros"", ""HR"": 0, ""Days Ago"": 9, ""Tooltip"": ""Sep 20 vs Houston Astros \u2014 0 HR""}, {""Game"": ""@CR\n9/22/26"", ""Date"": ""Sep 22"", ""Opponent"": ""Cincinnati Reds"", ""HR"": 0, ""Days Ago"": 7, ""Tooltip"": ""Sep 22 vs Cincinnati Reds \u2014 0 HR""}, {""Game"": ""@CR\n9/23/26"", ""Date"": ""Sep 23"", ""Opponent"": ""Cincinnati Reds"", ""HR"": 1, ""Days Ago"": 6, ""Tooltip"": ""Sep 23 vs Cincinnati Reds \u2014 1 HR""}, {""Game"": ""@CR\n9/24/26"", ""Date"": ""Sep 24"", ""Opponent"": ""Cincinnati Reds"", ""HR"": 0, ""Days Ago"": 5, ""Tooltip"": ""Sep 24 vs Cincinnati Reds \u2014 0 HR""}, {""Game"": ""@MM\n9/25/26"", ""Date"": ""Sep 25"", ""Opponent"": ""Miami Marlins"", ""HR"": 0, ""Days Ago"": 4, ""Tooltip"": ""Sep 25 vs Miami Marlins \u2014 0 HR""}, {""Game"": ""@MM\n9/26/26"", ""Date"": ""Sep 26"", ""Opponent"": ""Miami Marlins"", ""HR"": 0, ""Days Ago"": 3, ""Tooltip"": ""Sep 26 vs Miami Marlins \u2014 0 HR""}, {""Game"": ""@MM\n9/27/26"", ""Date"": ""Sep 27"", ""Opponent"": ""Miami Marlins"", ""HR"": 0, ""Days Ago"": 2, ""Tooltip"": ""Sep 27 vs Miami Marlins \u2014 0 HR""}]",0.251,0.502,51.7,1.1,Proxy,Pitch mix pending,Real Statcast barrel rate is elite; Hard-hit profile supports HR upside; Exit velocity supports power; Elite power profile,86.0,Truist Park,Slight Boost,75.0,Neutral,Neutral,70.0,Neutral Wind,70.0,0,116.0,4.2,69.7,40.0,80.1,MED,Power score 99; Proxy power data; barrel rate 22; hard-hit 62; EV 97; projected lineup spot 2; pitcher HR/9 1.1; Slight Boost; Neutral; Neutral Wind; Real Statcast barrel rate is elite; Hard-hit profile supports HR upside; Exit velocity supports power; Elite power profile; recent HR log: Sep 23 vs Cincinnati Reds: 1 HR (6 days ago) | Sep 18 vs Houston Astros: 1 HR (11 days ago) | Sep 13 vs Philadelphia Phillies: 1 HR (16 days ago) | Sep 11 vs Philadelphia Phillies: 1 HR (18 days ago) | Aug 26 vs Los Angeles Dodgers: 1 HR (34 days ago); Split unknown.,Home runs are low-frequency events; lineup is projected not confirmed; pitcher hand is Unknown; weather direction is 116.0; full pitch-by-pitch mix is still pending until dedicated pitch feed is connected.,HR confidence 80.1/100. Real HR probability estimate 8.95%. Power score 99; Proxy power data; barrel rate 22; hard-hit 62; EV 97; projected lineup spot 2; pitcher HR/9 1.1; Slight Boost; Neutral; Neutral Wind; Real Statcast barrel rate is elite; Hard-hit profile supports HR upside; Exit velocity supports power; Elite power profile; recent HR log: Sep 23 vs Cincinnati Reds: 1 HR (6 days ago) | Sep 18 vs Houston Astros: 1 HR (11 days ago) | Sep 13 vs Philadelphia Phillies: 1 HR (16 days ago) | Sep 11 vs Philadelphia Phillies: 1 HR (18 days ago) | Aug 26 vs Los Angeles Dodgers: 1 HR (34 days ago); Split unknown. Risk note: Home runs are low-frequency events; lineup is projected not confirmed; pitcher hand is Unknown; weather direction is 116.0; full pitch-by-pitch mix is still pending until dedicated pitch feed is connected.
2026-09-29,TOMORROW,"Sep 29, 2026",5:00 PM ET,Tuesday,2026-09-29T21:00:00Z,Chicago White Sox @ Houston Astros,Yordan Alvarez,Houston Astros,DH,670541,Home Runs,0.5,Projected Starter,Projected Starter,Unknown,L,2,Projected,Active,Projected,Neutral HR park • pull-side LH power,Wind drag,Power 30%: 99 | Pitcher 20%: 70 | Weather 15%: 70.0 | Park 15%: 70.0 | Recent HR 10%: 90 | Lineup 10%: 88 | Pitch Matchup: 86.0,N/A,N/A,Odds feed not connected,No,9.19,9.19,9.19,85.8,99.0,8.12,22.0,62.0,55.6,97.0,17.9,N/A,Proxy,Sep 26 vs Athletics: 1 HR (3 days ago) | Sep 22 vs Seattle Mariners: 1 HR (7 days ago) | Sep 17 vs Kansas City Royals: 1 HR (12 days ago) | Sep 15 vs Kansas City Royals: 1 HR (14 days ago) | Sep 06 vs Arizona Diamondbacks: 1 HR (23 days ago),5,3,"[{""Game"": ""@CR\n9/17/26"", ""Date"": ""Sep 17"", ""Opponent"": ""Kansas City Royals"", ""HR"": 1, ""Days Ago"": 12, ""Tooltip"": ""Sep 17 vs Kansas City Royals \u2014 1 HR""}, {""Game"": ""@AB\n9/18/26"", ""Date"": ""Sep 18"", ""Opponent"": ""Atlanta Braves"", ""HR"": 0, ""Days Ago"": 11, ""Tooltip"": ""Sep 18 vs Atlanta Braves \u2014 0 HR""}, {""Game"": ""@AB\n9/19/26"", ""Date"": ""Sep 19"", ""Opponent"": ""Atlanta Braves"", ""HR"": 0, ""Days Ago"": 10, ""Tooltip"": ""Sep 19 vs Atlanta Braves \u2014 0 HR""}, {""Game"": ""@AB\n9/20/26"", ""Date"": ""Sep 20"", ""Opponent"": ""Atlanta Braves"", ""HR"": 0, ""Days Ago"": 9, ""Tooltip"": ""Sep 20 vs Atlanta Braves \u2014 0 HR""}, {""Game"": ""@SM\n9/22/26"", ""Date"": ""Sep 22"", ""Opponent"": ""Seattle Mariners"", ""HR"": 1, ""Days Ago"": 7, ""Tooltip"": ""Sep 22 vs Seattle Mariners \u2014 1 HR""}, {""Game"": ""@SM\n9/23/26"", ""Date"": ""Sep 23"", ""Opponent"": ""Seattle Mariners"", ""HR"": 0, ""Days Ago"": 6, ""Tooltip"": ""Sep 23 vs Seattle Mariners \u2014 0 HR""}, {""Game"": ""@ATH\n9/24/26"", ""Date"": ""Sep 24"", ""Opponent"": ""Athletics"", ""HR"": 0, ""Days Ago"": 5, ""Tooltip"": ""Sep 24 vs Athletics \u2014 0 HR""}, {""Game"": ""@ATH\n9/25/26"", ""Date"": ""Sep 25"", ""Opponent"": ""Athletics"", ""HR"": 0, ""Days Ago"": 4, ""Tooltip"": ""Sep 25 vs Athletics \u2014 0 HR""}, {""Game"": ""@ATH\n9/26/26"", ""Date"": ""Sep 26"", ""Opponent"": ""Athletics"", ""HR"": 1, ""Days Ago"": 3, ""Tooltip"": ""Sep 26 vs Athletics \u2014 1 HR""}, {""Game"": ""@ATH\n9/27/26"", ""Date"": ""Sep 27"", ""Opponent"": ""Athletics"", ""HR"": 0, ""Days Ago"": 2, ""Tooltip"": ""Sep 27 vs Athletics \u2014 0 HR""}]",0.285,0.601,51.7,1.1,Proxy,Pitch mix pending,Real Statcast barrel rate is elite; Hard-hit profile supports HR upside; Exit velocity supports power; Elite power profile,86.0,Daikin Park,Neutral,70.0,Neutral,Neutral,70.0,Wind In Drag,64.0,-6,186.0,9.8,72.1,77.0,79.8,MED,Power score 99; Proxy power data; barrel rate 22; hard-hit 62; EV 97; projected lineup spot 2; pitcher HR/9 1.1; Neutral; Neutral; Wind In Drag; Real Statcast barrel rate is elite; Hard-hit profile supports HR upside; Exit velocity supports power; Elite power profile; recent HR log: Sep 26 vs Athletics: 1 HR (3 days ago) | Sep 22 vs Seattle Mariners: 1 HR (7 days ago) | Sep 17 vs Kansas City Royals: 1 HR (12 days ago) | Sep 15 vs Kansas City Royals: 1 HR (14 days ago) | Sep 06 vs Arizona Diamondbacks: 1 HR (23 days ago); Split unknown.,Home runs are low-frequency events; lineup is projected not confirmed; pitcher hand is Unknown; weather direction is 186.0; full pitch-by-pitch mix is still pending until dedicated pitch feed is connected.,HR confidence 79.8/100. Real HR probability estimate 9.19%. Power score 99; Proxy power data; barrel rate 22; hard-hit 62; EV 97; projected lineup spot 2; pitcher HR/9 1.1; Neutral; Neutral; Wind In Drag; Real Statcast barrel rate is elite; Hard-hit profile supports HR upside; Exit velocity supports power; Elite power profile; recent HR log: Sep 26 vs Athletics: 1 HR (3 days ago) | Sep 22 vs Seattle Mariners: 1 HR (7 days ago) | Sep 17 vs Kansas City Royals: 1 HR (12 days ago) | Sep 15 vs Kansas City Royals: 1 HR (14 days ago) | Sep 06 vs Arizona Diamondbacks: 1 HR (23 days ago); Split unknown. Risk note: Home runs are low-frequency events; lineup is projected not confirmed; pitcher hand is Unknown; weather direction is 186.0; full pitch-by-pitch mix is still pending until dedicated pitch feed is connected.
2026-09-29,TOMORROW,"Sep 29, 2026",5:00 PM ET,Tuesday,2026-09-29T21:00:00Z,Chicago White Sox @ Houston Astros,Lucas Spence,Houston Astros,CF,828599,Home Runs,0.5,Projected Starter,Projected Starter,Unknown,L,3,Projected,Active,Projected,Neutral HR park • pull-side LH power,Wind drag,Power 30%: 97.0 | Pitcher 20%: 70 | Weather 15%: 70.0 | Park 15%: 70.0 | Recent HR 10%: 90 | Lineup 10%: 88 | Pitch Matchup: 86.0,N/A,N/A,Odds feed not connected,No,9.07,9.07,9.07,85.3,99.0,7.85,22.0,62.0,54.8,97.0,17.7,N/A,Proxy,Sep 26 vs Athletics: 1 HR (3 days ago) | Sep 24 vs Athletics: 3 HR (5 days ago),4,3,"[{""Game"": ""@AA\n7/28/26"", ""Date"": ""Jul 28"", ""Opponent"": ""Los Angeles Angels"", ""HR"": 0, ""Days Ago"": 63, ""Tooltip"": ""Jul 28 vs Los Angeles Angels \u2014 0 HR""}, {""Game"": ""@AA\n7/29/26"", ""Date"": ""Jul 29"", ""Opponent"": ""Los Angeles Angels"", ""HR"": 0, ""Days Ago"": 62, ""Tooltip"": ""Jul 29 vs Los Angeles Angels \u2014 0 HR""}, {""Game"": ""@TR\n7/31/26"", ""Date"": ""Jul 31"", ""Opponent"": ""Texas Rangers"", ""HR"": 0, ""Days Ago"": 60, ""Tooltip"": ""Jul 31 vs Texas Rangers \u2014 0 HR""}, {""Game"": ""@TR\n8/1/26"", ""Date"": ""Aug 01"", ""Opponent"": ""Texas Rangers"", ""HR"": 0, ""Days Ago"": 59, ""Tooltip"": ""Aug 01 vs Texas Rangers \u2014 0 HR""}, {""Game"": ""@TR\n8/2/26"", ""Date"": ""Aug 02"", ""Opponent"": ""Texas Rangers"", ""HR"": 0, ""Days Ago"": 58, ""Tooltip"": ""Aug 02 vs Texas Rangers \u2014 0 HR""}, {""Game"": ""@SM\n9/23/26"", ""Date"": ""Sep 23"", ""Opponent"": ""Seattle Mariners"", ""HR"": 0, ""Days Ago"": 6, ""Tooltip"": ""Sep 23 vs Seattle Mariners \u2014 0 HR""}, {""Game"": ""@ATH\n9/24/26"", ""Date"": ""Sep 24"", ""Opponent"": ""Athletics"", ""HR"": 3, ""Days Ago"": 5, ""Tooltip"": ""Sep 24 vs Athletics \u2014 3 HR""}, {""Game"": ""@ATH\n9/25/26"", ""Date"": ""Sep 25"", ""Opponent"": ""Athletics"", ""HR"": 0, ""Days Ago"": 4, ""Tooltip"": ""Sep 25 vs Athletics \u2014 0 HR""}, {""Game"": ""@ATH\n9/26/26"", ""Date"": ""Sep 26"", ""Opponent"": ""Athletics"", ""HR"": 1, ""Days Ago"": 3, ""Tooltip"": ""Sep 26 vs Athletics \u2014 1 HR""}, {""Game"": ""@ATH\n9/27/26"", ""Date"": ""Sep 27"", ""Opponent"": ""Athletics"", ""HR"": 0, ""Days Ago"": 2, ""Tooltip"": ""Sep 27 vs Athletics \u2014 0 HR""}]",0.291,0.509,51.2,1.1,Proxy,Pitch mix pending,Real Statcast barrel rate is elite; Hard-hit profile supports HR upside; Exit velocity supports power; Elite power profile,86.0,Daikin Park,Neutral,70.0,Neutral,Neutral,70.0,Wind In Drag,64.0,-6,186.0,9.8,72.1,77.0,79.2,MED,Power score 97.0; Proxy power data; barrel rate 22; hard-hit 62; EV 97; projected lineup spot 3; pitcher HR/9 1.1; Neutral; Neutral; Wind In Drag; Real Statcast barrel rate is elite; Hard-hit profile supports HR upside; Exit velocity supports power; Elite power profile; recent HR log: Sep 26 vs Athletics: 1 HR (3 days ago) | Sep 24 vs Athletics: 3 HR (5 days ago); Split unknown.,Home runs are low-frequency events; lineup is projected not confirmed; pitcher hand is Unknown; weather direction is 186.0; full pitch-by-pitch mix is still pending until dedicated pitch feed is connected.,HR confidence 79.2/100. Real HR probability estimate 9.07%. Power score 97.0; Proxy power data; barrel rate 22; hard-hit 62; EV 97; projected lineup spot 3; pitcher HR/9 1.1; Neutral; Neutral; Wind In Drag; Real Statcast barrel rate is elite; Hard-hit profile supports HR upside; Exit velocity supports power; Elite power profile; recent HR log: Sep 26 vs Athletics: 1 HR (3 days ago) | Sep 24 vs Athletics: 3 HR (5 days ago); Split unknown. Risk note: Home runs are low-frequency events; lineup is projected not confirmed; pitcher hand is Unknown; weather direction is 186.0; full pitch-by-pitch mix is still pending until dedicated pitch feed is connected.
2026-09-29,TOMORROW,"Sep 29, 2026",5:00 PM ET,Tuesday,2026-09-29T21:00:00Z,Chicago White Sox @ Houston Astros,Jeremy Peña,Houston Astros,SS,665161,Home Runs,0.5,Projected Starter,Projected Starter,Unknown,R,4,Projected,Active,Projected,Neutral HR park • pull-side RH power,Wind drag,Power 30%: 96.5 | Pitcher 20%: 70 | Weather 15%: 70.0 | Park 15%: 70.0 | Recent HR 10%: 90 | Lineup 10%: 88 | Pitch Matchup: 86.0,N/A,N/A,Odds feed not connected,No,9.05,9.05,9.05,85.2,99.0,7.81,21.9,62.0,54.6,97.0,17.7,N/A,Proxy,Sep 26 vs Athletics: 2 HR (3 days ago) | Sep 17 vs Kansas City Royals: 1 HR (12 days ago) | Sep 15 vs Kansas City Royals: 2 HR (14 days ago) | Aug 30 vs New York Mets: 1 HR (30 days ago) | Aug 27 vs New York Yankees: 1 HR (33 days ago),7,3,"[{""Game"": ""@CR\n9/17/26"", ""Date"": ""Sep 17"", ""Opponent"": ""Kansas City Royals"", ""HR"": 1, ""Days Ago"": 12, ""Tooltip"": ""Sep 17 vs Kansas City Royals \u2014 1 HR""}, {""Game"": ""@AB\n9/18/26"", ""Date"": ""Sep 18"", ""Opponent"": ""Atlanta Braves"", ""HR"": 0, ""Days Ago"": 11, ""Tooltip"": ""Sep 18 vs Atlanta Braves \u2014 0 HR""}, {""Game"": ""@AB\n9/19/26"", ""Date"": ""Sep 19"", ""Opponent"": ""Atlanta Braves"", ""HR"": 0, ""Days Ago"": 10, ""Tooltip"": ""Sep 19 vs Atlanta Braves \u2014 0 HR""}, {""Game"": ""@AB\n9/20/26"", ""Date"": ""Sep 20"", ""Opponent"": ""Atlanta Braves"", ""HR"": 0, ""Days Ago"": 9, ""Tooltip"": ""Sep 20 vs Atlanta Braves \u2014 0 HR""}, {""Game"": ""@SM\n9/22/26"", ""Date"": ""Sep 22"", ""Opponent"": ""Seattle Mariners"", ""HR"": 0, ""Days Ago"": 7, ""Tooltip"": ""Sep 22 vs Seattle Mariners \u2014 0 HR""}, {""Game"": ""@SM\n9/23/26"", ""Date"": ""Sep 23"", ""Opponent"": ""Seattle Mariners"", ""HR"": 0, ""Days Ago"": 6, ""Tooltip"": ""Sep 23 vs Seattle Mariners \u2014 0 HR""}, {""Game"": ""@ATH\n9/24/26"", ""Date"": ""Sep 24"", ""Opponent"": ""Athletics"", ""HR"": 0, ""Days Ago"": 5, ""Tooltip"": ""Sep 24 vs Athletics \u2014 0 HR""}, {""Game"": ""@ATH\n9/25/26"", ""Date"": ""Sep 25"", ""Opponent"": ""Athletics"", ""HR"": 0, ""Days Ago"": 4, ""Tooltip"": ""Sep 25 vs Athletics \u2014 0 HR""}, {""Game"": ""@ATH\n9/26/26"", ""Date"": ""Sep 26"", ""Opponent"": ""Athletics"", ""HR"": 2, ""Days Ago"": 3, ""Tooltip"": ""Sep 26 vs Athletics \u2014 2 HR""}, {""Game"": ""@ATH\n9/27/26"", ""Date"": ""Sep 27"", ""Opponent"": ""Athletics"", ""HR"": 0, ""Days Ago"": 2, ""Tooltip"": ""Sep 27 vs Athletics \u2014 0 HR""}]",0.2,0.477,51.0,1.1,Proxy,Pitch mix pending,Real Statcast barrel rate is elite; Hard-hit profile supports HR upside; Exit velocity supports power; Elite power profile,86.0,Daikin Park,Neutral,70.0,Neutral,Neutral,70.0,Wind In Drag,64.0,-6,186.0,9.8,72.1,77.0,79.0,MED,Power score 96.5; Proxy power data; barrel rate 21.9; hard-hit 62; EV 97; projected lineup spot 4; pitcher HR/9 1.1; Neutral; Neutral; Wind In Drag; Real Statcast barrel rate is elite; Hard-hit profile supports HR upside; Exit velocity supports power; Elite power profile; recent HR log: Sep 26 vs Athletics: 2 HR (3 days ago) | Sep 17 vs Kansas City Royals: 1 HR (12 days ago) | Sep 15 vs Kansas City Royals: 2 HR (14 days ago) | Aug 30 vs New York Mets: 1 HR (30 days ago) | Aug 27 vs New York Yankees: 1 HR (33 days ago); Split unknown.,Home runs are low-frequency events; lineup is projected not confirmed; pitcher hand is Unknown; weather direction is 186.0; full pitch-by-pitch mix is still pending until dedicated pitch feed is connected.,HR confidence 79.0/100. Real HR probability estimate 9.05%. Power score 96.5; Proxy power data; barrel rate 21.9; hard-hit 62; EV 97; projected lineup spot 4; pitcher HR/9 1.1; Neutral; Neutral; Wind In Drag; Real Statcast barrel rate is elite; Hard-hit profile supports HR upside; Exit velocity supports power; Elite power profile; recent HR log: Sep 26 vs Athletics: 2 HR (3 days ago) | Sep 17 vs Kansas City Royals: 1 HR (12 days ago) | Sep 15 vs Kansas City Royals: 2 HR (14 days ago) | Aug 30 vs New York Mets: 1 HR (30 days ago) | Aug 27 vs New York Yankees: 1 HR (33 days ago); Split unknown. Risk note: Home runs are low-frequency events; lineup is projected not confirmed; pitcher hand is Unknown; weather direction is 186.0; full pitch-by-pitch mix is still pending until dedicated pitch feed is connected.
2026-09-29,TOMORROW,"Sep 29, 2026",5:00 PM ET,Tuesday,2026-09-29T21:00:00Z,Chicago White Sox @ Houston Astros,Munetaka Murakami,Chicago White Sox,1B,808959,Home Runs,0.5,Projected Starter,Projected Starter,Unknown,L,3,Projected,Active,Projected,Neutral HR park • pull-side LH power,Wind drag,Power 30%: 97.0 | Pitcher 20%: 70 | Weather 15%: 70.0 | Park 15%: 70.0 | Recent HR 10%: 90 | Lineup 10%: 88 | Pitch Matchup: 86.0,N/A,N/A,Odds feed not connected,No,8.59,8.59,8.59,83.3,99.0,6.8,22.0,62.0,54.8,97.0,17.7,N/A,Proxy,Sep 25 vs Colorado Rockies: 2 HR (4 days ago) | Sep 22 vs Kansas City Royals: 1 HR (7 days ago) | Sep 17 vs Detroit Tigers: 1 HR (12 days ago) | Sep 09 vs Pittsburgh Pirates: 1 HR (20 days ago) | Sep 05 vs Minnesota Twins: 1 HR (24 days ago),6,4,"[{""Game"": ""@DT\n9/17/26"", ""Date"": ""Sep 17"", ""Opponent"": ""Detroit Tigers"", ""HR"": 1, ""Days Ago"": 12, ""Tooltip"": ""Sep 17 vs Detroit Tigers \u2014 1 HR""}, {""Game"": ""@DT\n9/18/26"", ""Date"": ""Sep 18"", ""Opponent"": ""Detroit Tigers"", ""HR"": 0, ""Days Ago"": 11, ""Tooltip"": ""Sep 18 vs Detroit Tigers \u2014 0 HR""}, {""Game"": ""@DT\n9/19/26"", ""Date"": ""Sep 19"", ""Opponent"": ""Detroit Tigers"", ""HR"": 0, ""Days Ago"": 10, ""Tooltip"": ""Sep 19 vs Detroit Tigers \u2014 0 HR""}, {""Game"": ""@DT\n9/20/26"", ""Date"": ""Sep 20"", ""Opponent"": ""Detroit Tigers"", ""HR"": 0, ""Days Ago"": 9, ""Tooltip"": ""Sep 20 vs Detroit Tigers \u2014 0 HR""}, {""Game"": ""@CR\n9/22/26"", ""Date"": ""Sep 22"", ""Opponent"": ""Kansas City Royals"", ""HR"": 1, ""Days Ago"": 7, ""Tooltip"": ""Sep 22 vs Kansas City Royals \u2014 1 HR""}, {""Game"": ""@CR\n9/23/26"", ""Date"": ""Sep 23"", ""Opponent"": ""Kansas City Royals"", ""HR"": 0, ""Days Ago"": 6, ""Tooltip"": ""Sep 23 vs Kansas City Royals \u2014 0 HR""}, {""Game"": ""@CR\n9/24/26"", ""Date"": ""Sep 24"", ""Opponent"": ""Kansas City Royals"", ""HR"": 0, ""Days Ago"": 5, ""Tooltip"": ""Sep 24 vs Kansas City Royals \u2014 0 HR""}, {""Game"": ""@CR\n9/25/26"", ""Date"": ""Sep 25"", ""Opponent"": ""Colorado Rockies"", ""HR"": 2, ""Days Ago"": 4, ""Tooltip"": ""Sep 25 vs Colorado Rockies \u2014 2 HR""}, {""Game"": ""@CR\n9/26/26"", ""Date"": ""Sep 26"", ""Opponent"": ""Colorado Rockies"", ""HR"": 0, ""Days Ago"": 3, ""Tooltip"": ""Sep 26 vs Colorado Rockies \u2014 0 HR""}, {""Game"": ""@CR\n9/27/26"", ""Date"": ""Sep 27"", ""Opponent"": ""Colorado Rockies"", ""HR"": 0, ""Days Ago"": 2, ""Tooltip"": ""Sep 27 vs Colorado Rockies \u2014 0 HR""}]",0.271,0.478,51.2,1.1,Proxy,Pitch mix pending,Real Statcast barrel rate is elite; Hard-hit profile supports HR upside; Exit velocity supports power; Elite power profile,86.0,Daikin Park,Neutral,70.0,Neutral,Neutral,70.0,Wind In Drag,64.0,-6,186.0,9.8,72.1,77.0,78.5,MED,Power score 97.0; Proxy power data; barrel rate 22; hard-hit 62; EV 97; projected lineup spot 3; pitcher HR/9 1.1; Neutral; Neutral; Wind In Drag; Real Statcast barrel rate is elite; Hard-hit profile supports HR upside; Exit velocity supports power; Elite power profile; recent HR log: Sep 25 vs Colorado Rockies: 2 HR (4 days ago) | Sep 22 vs Kansas City Royals: 1 HR (7 days ago) | Sep 17 vs Detroit Tigers: 1 HR (12 days ago) | Sep 09 vs Pittsburgh Pirates: 1 HR (20 days ago) | Sep 05 vs Minnesota Twins: 1 HR (24 days ago); Split unknown.,Home runs are low-frequency events; lineup is projected not confirmed; pitcher hand is Unknown; weather direction is 186.0; full pitch-by-pitch mix is still pending until dedicated pitch feed is connected.,HR confidence 78.5/100. Real HR probability estimate 8.59%. Power score 97.0; Proxy power data; barrel rate 22; hard-hit 62; EV 97; projected lineup spot 3; pitcher HR/9 1.1; Neutral; Neutral; Wind In Drag; Real Statcast barrel rate is elite; Hard-hit profile supports HR upside; Exit velocity supports power; Elite power profile; recent HR log: Sep 25 vs Colorado Rockies: 2 HR (4 days ago) | Sep 22 vs Kansas City Royals: 1 HR (7 days ago) | Sep 17 vs Detroit Tigers: 1 HR (12 days ago) | Sep 09 vs Pittsburgh Pirates: 1 HR (20 days ago) | Sep 05 vs Minnesota Twins: 1 HR (24 days ago); Split unknown. Risk note: Home runs are low-frequency events; lineup is projected not confirmed; pitcher hand is Unknown; weather direction is 186.0; full pitch-by-pitch mix is still pending until dedicated pitch feed is connected.
2026-09-29,TOMORROW,"Sep 29, 2026",5:00 PM ET,Tuesday,2026-09-29T21:00:00Z,Chicago White Sox @ Houston Astros,Randal Grichuk,Chicago White Sox,DH,545341,Home Runs,0.5,Projected Starter,Projected Starter,Unknown,R,4,Projected,Active,Projected,Neutral HR park • pull-side RH power,Wind drag,Power 30%: 97.0 | Pitcher 20%: 70 | Weather 15%: 70.0 | Park 15%: 70.0 | Recent HR 10%: 90 | Lineup 10%: 88 | Pitch Matchup: 86.0,N/A,N/A,Odds feed not connected,No,9.07,9.07,9.07,85.3,99.0,7.85,22.0,62.0,54.8,97.0,17.7,N/A,Proxy,Sep 27 vs Colorado Rockies: 1 HR (2 days ago) | Sep 22 vs Kansas City Royals: 1 HR (7 days ago) | Sep 12 vs St. Louis Cardinals: 1 HR (17 days ago) | Sep 06 vs Minnesota Twins: 1 HR (23 days ago) | Aug 21 vs New York Mets: 1 HR (39 days ago),5,2,"[{""Game"": ""@CG\n9/16/26"", ""Date"": ""Sep 16"", ""Opponent"": ""Cleveland Guardians"", ""HR"": 0, ""Days Ago"": 13, ""Tooltip"": ""Sep 16 vs Cleveland Guardians \u2014 0 HR""}, {""Game"": ""@DT\n9/17/26"", ""Date"": ""Sep 17"", ""Opponent"": ""Detroit Tigers"", ""HR"": 0, ""Days Ago"": 12, ""Tooltip"": ""Sep 17 vs Detroit Tigers \u2014 0 HR""}, {""Game"": ""@DT\n9/18/26"", ""Date"": ""Sep 18"", ""Opponent"": ""Detroit Tigers"", ""HR"": 0, ""Days Ago"": 11, ""Tooltip"": ""Sep 18 vs Detroit Tigers \u2014 0 HR""}, {""Game"": ""@DT\n9/19/26"", ""Date"": ""Sep 19"", ""Opponent"": ""Detroit Tigers"", ""HR"": 0, ""Days Ago"": 10, ""Tooltip"": ""Sep 19 vs Detroit Tigers \u2014 0 HR""}, {""Game"": ""@DT\n9/20/26"", ""Date"": ""Sep 20"", ""Opponent"": ""Detroit Tigers"", ""HR"": 0, ""Days Ago"": 9, ""Tooltip"": ""Sep 20 vs Detroit Tigers \u2014 0 HR""}, {""Game"": ""@CR\n9/22/26"", ""Date"": ""Sep 22"", ""Opponent"": ""Kansas City Royals"", ""HR"": 1, ""Days Ago"": 7, ""Tooltip"": ""Sep 22 vs Kansas City Royals \u2014 1 HR""}, {""Game"": ""@CR\n9/23/26"", ""Date"": ""Sep 23"", ""Opponent"": ""Kansas City Royals"", ""HR"": 0, ""Days Ago"": 6, ""Tooltip"": ""Sep 23 vs Kansas City Royals \u2014 0 HR""}, {""Game"": ""@CR\n9/25/26"", ""Date"": ""Sep 25"", ""Opponent"": ""Colorado Rockies"", ""HR"": 0, ""Days Ago"": 4, ""Tooltip"": ""Sep 25 vs Colorado Rockies \u2014 0 HR""}, {""Game"": ""@CR\n9/26/26"", ""Date"": ""Sep 26"", ""Opponent"": ""Colorado Rockies"", ""HR"": 0, ""Days Ago"": 3, ""Tooltip"": ""Sep 26 vs Colorado Rockies \u2014 0 HR""}, {""Game"": ""@CR\n9/27/26"", ""Date"": ""Sep 27"", ""Opponent"": ""Colorado Rockies"", ""HR"": 1, ""Days Ago"": 2, ""Tooltip"": ""Sep 27 vs Colorado Rockies \u2014 1 HR""}]",0.279,0.566,51.2,1.1,Proxy,Pitch mix pending,Real Statcast barrel rate is elite; Hard-hit profile supports HR upside; Exit velocity supports power; Elite power profile,86.0,Daikin Park,Neutral,70.0,Neutral,Neutral,70.0,Wind In Drag,64.0,-6,186.0,9.8,72.1,77.0,79.2,MED,Power score 97.0; Proxy power data; barrel rate 22; hard-hit 62; EV 97; projected lineup spot 4; pitcher HR/9 1.1; Neutral; Neutral; Wind In Drag; Real Statcast barrel rate is elite; Hard-hit profile supports HR upside; Exit velocity supports power; Elite power profile; recent HR log: Sep 27 vs Colorado Rockies: 1 HR (2 days ago) | Sep 22 vs Kansas City Royals: 1 HR (7 days ago) | Sep 12 vs St. Louis Cardinals: 1 HR (17 days ago) | Sep 06 vs Minnesota Twins: 1 HR (23 days ago) | Aug 21 vs New York Mets: 1 HR (39 days ago); Split unknown.,Home runs are low-frequency events; lineup is projected not confirmed; pitcher hand is Unknown; weather direction is 186.0; full pitch-by-pitch mix is still pending until dedicated pitch feed is connected.,HR confidence 79.2/100. Real HR probability estimate 9.07%. Power score 97.0; Proxy power data; barrel rate 22; hard-hit 62; EV 97; projected lineup spot 4; pitcher HR/9 1.1; Neutral; Neutral; Wind In Drag; Real Statcast barrel rate is elite; Hard-hit profile supports HR upside; Exit velocity supports power; Elite power profile; recent HR log: Sep 27 vs Colorado Rockies: 1 HR (2 days ago) | Sep 22 vs Kansas City Royals: 1 HR (7 days ago) | Sep 12 vs St. Louis Cardinals: 1 HR (17 days ago) | Sep 06 vs Minnesota Twins: 1 HR (23 days ago) | Aug 21 vs New York Mets: 1 HR (39 days ago); Split unknown. Risk note: Home runs are low-frequency events; lineup is projected not confirmed; pitcher hand is Unknown; weather direction is 186.0; full pitch-by-pitch mix is still pending until dedicated pitch feed is connected.
2026-09-29,TOMORROW,"Sep 29, 2026",2:00 PM ET,Tuesday,2026-09-29T18:00:00Z,Philadelphia Phillies @ Atlanta Braves,Drake Baldwin,Atlanta Braves,C,686948,Home Runs,0.5,Projected Starter,Projected Starter,Unknown,L,4,Projected,Active,Projected,Slight HR park • pull-side LH power,No major red flags,Power 30%: 93.1 | Pitcher 20%: 70 | Weather 15%: 70.0 | Park 15%: 75.0 | Recent HR 10%: 89.6 | Lineup 10%: 88 | Pitch Matchup: 86.0,N/A,N/A,Odds feed not connected,No,9.07,9.07,9.07,85.3,99.0,7.85,20.8,62.0,53.2,96.6,17.3,N/A,Proxy,Sep 26 vs Miami Marlins: 1 HR (3 days ago) | Sep 15 vs Chicago Cubs: 1 HR (14 days ago) | Sep 09 vs Tampa Bay Rays: 1 HR (20 days ago) | Aug 27 vs Los Angeles Dodgers: 1 HR (33 days ago) | Aug 18 vs Minnesota Twins: 1 HR (42 days ago),5,3,"[{""Game"": ""@CC\n9/15/26"", ""Date"": ""Sep 15"", ""Opponent"": ""Chicago Cubs"", ""HR"": 1, ""Days Ago"": 14, ""Tooltip"": ""Sep 15 vs Chicago Cubs \u2014 1 HR""}, {""Game"": ""@CC\n9/16/26"", ""Date"": ""Sep 16"", ""Opponent"": ""Chicago Cubs"", ""HR"": 0, ""Days Ago"": 13, ""Tooltip"": ""Sep 16 vs Chicago Cubs \u2014 0 HR""}, {""Game"": ""@HA\n9/18/26"", ""Date"": ""Sep 18"", ""Opponent"": ""Houston Astros"", ""HR"": 0, ""Days Ago"": 11, ""Tooltip"": ""Sep 18 vs Houston Astros \u2014 0 HR""}, {""Game"": ""@HA\n9/19/26"", ""Date"": ""Sep 19"", ""Opponent"": ""Houston Astros"", ""HR"": 0, ""Days Ago"": 10, ""Tooltip"": ""Sep 19 vs Houston Astros \u2014 0 HR""}, {""Game"": ""@HA\n9/20/26"", ""Date"": ""Sep 20"", ""Opponent"": ""Houston Astros"", ""HR"": 0, ""Days Ago"": 9, ""Tooltip"": ""Sep 20 vs Houston Astros \u2014 0 HR""}, {""Game"": ""@CR\n9/22/26"", ""Date"": ""Sep 22"", ""Opponent"": ""Cincinnati Reds"", ""HR"": 0, ""Days Ago"": 7, ""Tooltip"": ""Sep 22 vs Cincinnati Reds \u2014 0 HR""}, {""Game"": ""@CR\n9/23/26"", ""Date"": ""Sep 23"", ""Opponent"": ""Cincinnati Reds"", ""HR"": 0, ""Days Ago"": 6, ""Tooltip"": ""Sep 23 vs Cincinnati Reds \u2014 0 HR""}, {""Game"": ""@CR\n9/24/26"", ""Date"": ""Sep 24"", ""Opponent"": ""Cincinnati Reds"", ""HR"": 0, ""Days Ago"": 5, ""Tooltip"": ""Sep 24 vs Cincinnati Reds \u2014 0 HR""}, {""Game"": ""@MM\n9/25/26"", ""Date"": ""Sep 25"", ""Opponent"": ""Miami Marlins"", ""HR"": 0, ""Days Ago"": 4, ""Tooltip"": ""Sep 25 vs Miami Marlins \u2014 0 HR""}, {""Game"": ""@MM\n9/26/26"", ""Date"": ""Sep 26"", ""Opponent"": ""Miami Marlins"", ""HR"": 1, ""Days Ago"": 3, ""Tooltip"": ""Sep 26 vs Miami Marlins \u2014 1 HR""}]",0.175,0.459,50.1,1.1,Proxy,Pitch mix pending,Real Statcast barrel rate is elite; Hard-hit profile supports HR upside; Exit velocity supports power; Elite power profile,86.0,Truist Park,Slight Boost,75.0,Neutral,Neutral,70.0,Neutral Wind,70.0,0,116.0,4.2,69.7,40.0,79.0,MED,Power score 93.1; Proxy power data; barrel rate 20.8; hard-hit 62; EV 96.6; projected lineup spot 4; pitcher HR/9 1.1; Slight Boost; Neutral; Neutral Wind; Real Statcast barrel rate is elite; Hard-hit profile supports HR upside; Exit velocity supports power; Elite power profile; recent HR log: Sep 26 vs Miami Marlins: 1 HR (3 days ago) | Sep 15 vs Chicago Cubs: 1 HR (14 days ago) | Sep 09 vs Tampa Bay Rays: 1 HR (20 days ago) | Aug 27 vs Los Angeles Dodgers: 1 HR (33 days ago) | Aug 18 vs Minnesota Twins: 1 HR (42 days ago); Split unknown.,Home runs are low-frequency events; lineup is projected not confirmed; pitcher hand is Unknown; weather direction is 116.0; full pitch-by-pitch mix is still pending until dedicated pitch feed is connected.,HR confidence 79.0/100. Real HR probability estimate 9.07%. Power score 93.1; Proxy power data; barrel rate 20.8; hard-hit 62; EV 96.6; projected lineup spot 4; pitcher HR/9 1.1; Slight Boost; Neutral; Neutral Wind; Real Statcast barrel rate is elite; Hard-hit profile supports HR upside; Exit velocity supports power; Elite power profile; recent HR log: Sep 26 vs Miami Marlins: 1 HR (3 days ago) | Sep 15 vs Chicago Cubs: 1 HR (14 days ago) | Sep 09 vs Tampa Bay Rays: 1 HR (20 days ago) | Aug 27 vs Los Angeles Dodgers: 1 HR (33 days ago) | Aug 18 vs Minnesota Twins: 1 HR (42 days ago); Split unknown. Risk note: Home runs are low-frequency events; lineup is projected not confirmed; pitcher hand is Unknown; weather direction is 116.0; full pitch-by-pitch mix is still pending until dedicated pitch feed is connected.
2026-09-29,TOMORROW,"Sep 29, 2026",5:00 PM ET,Tuesday,2026-09-29T21:00:00Z,Chicago White Sox @ Houston Astros,Christian Walker,Houston Astros,1B,572233,Home Runs,0.5,Projected Starter,Projected Starter,Unknown,R,1,Projected,Active,Projected,Neutral HR park • pull-side RH power,Wind drag,Power 30%: 91.8 | Pitcher 20%: 70 | Weather 15%: 70.0 | Park 15%: 70.0 | Recent HR 10%: 90 | Lineup 10%: 88 | Pitch Matchup: 86.0,N/A,N/A,Odds feed not connected,No,8.76,8.76,8.76,84.0,99.0,7.17,20.4,62.0,52.7,96.4,17.2,N/A,Proxy,Sep 27 vs Athletics: 1 HR (2 days ago) | Sep 25 vs Athletics: 1 HR (4 days ago) | Sep 24 vs Athletics: 1 HR (5 days ago) | Sep 22 vs Seattle Mariners: 1 HR (7 days ago) | Sep 08 vs Philadelphia Phillies: 1 HR (21 days ago),5,2,"[{""Game"": ""@CR\n9/16/26"", ""Date"": ""Sep 16"", ""Opponent"": ""Kansas City Royals"", ""HR"": 0, ""Days Ago"": 13, ""Tooltip"": ""Sep 16 vs Kansas City Royals \u2014 0 HR""}, {""Game"": ""@AB\n9/18/26"", ""Date"": ""Sep 18"", ""Opponent"": ""Atlanta Braves"", ""HR"": 0, ""Days Ago"": 11, ""Tooltip"": ""Sep 18 vs Atlanta Braves \u2014 0 HR""}, {""Game"": ""@AB\n9/19/26"", ""Date"": ""Sep 19"", ""Opponent"": ""Atlanta Braves"", ""HR"": 0, ""Days Ago"": 10, ""Tooltip"": ""Sep 19 vs Atlanta Braves \u2014 0 HR""}, {""Game"": ""@AB\n9/20/26"", ""Date"": ""Sep 20"", ""Opponent"": ""Atlanta Braves"", ""HR"": 0, ""Days Ago"": 9, ""Tooltip"": ""Sep 20 vs Atlanta Braves \u2014 0 HR""}, {""Game"": ""@SM\n9/22/26"", ""Date"": ""Sep 22"", ""Opponent"": ""Seattle Mariners"", ""HR"": 1, ""Days Ago"": 7, ""Tooltip"": ""Sep 22 vs Seattle Mariners \u2014 1 HR""}, {""Game"": ""@SM\n9/23/26"", ""Date"": ""Sep 23"", ""Opponent"": ""Seattle Mariners"", ""HR"": 0, ""Days Ago"": 6, ""Tooltip"": ""Sep 23 vs Seattle Mariners \u2014 0 HR""}, {""Game"": ""@ATH\n9/24/26"", ""Date"": ""Sep 24"", ""Opponent"": ""Athletics"", ""HR"": 1, ""Days Ago"": 5, ""Tooltip"": ""Sep 24 vs Athletics \u2014 1 HR""}, {""Game"": ""@ATH\n9/25/26"", ""Date"": ""Sep 25"", ""Opponent"": ""Athletics"", ""HR"": 1, ""Days Ago"": 4, ""Tooltip"": ""Sep 25 vs Athletics \u2014 1 HR""}, {""Game"": ""@ATH\n9/26/26"", ""Date"": ""Sep 26"", ""Opponent"": ""Athletics"", ""HR"": 0, ""Days Ago"": 3, ""Tooltip"": ""Sep 26 vs Athletics \u2014 0 HR""}, {""Game"": ""@ATH\n9/27/26"", ""Date"": ""Sep 27"", ""Opponent"": ""Athletics"", ""HR"": 1, ""Days Ago"": 2, ""Tooltip"": ""Sep 27 vs Athletics \u2014 1 HR""}]",0.201,0.427,49.7,1.1,Proxy,Pitch mix pending,Real Statcast barrel rate is elite; Hard-hit profile supports HR upside; Exit velocity supports power; Elite power profile,86.0,Daikin Park,Neutral,70.0,Neutral,Neutral,70.0,Wind In Drag,64.0,-6,186.0,9.8,72.1,77.0,77.6,MED,Power score 91.8; Proxy power data; barrel rate 20.4; hard-hit 62; EV 96.4; projected lineup spot 1; pitcher HR/9 1.1; Neutral; Neutral; Wind In Drag; Real Statcast barrel rate is elite; Hard-hit profile supports HR upside; Exit velocity supports power; Elite power profile; recent HR log: Sep 27 vs Athletics: 1 HR (2 days ago) | Sep 25 vs Athletics: 1 HR (4 days ago) | Sep 24 vs Athletics: 1 HR (5 days ago) | Sep 22 vs Seattle Mariners: 1 HR (7 days ago) | Sep 08 vs Philadelphia Phillies: 1 HR (21 days ago); Split unknown.,Home runs are low-frequency events; lineup is projected not confirmed; pitcher hand is Unknown; weather direction is 186.0; full pitch-by-pitch mix is still pending until dedicated pitch feed is connected.,HR confidence 77.6/100. Real HR probability estimate 8.76%. Power score 91.8; Proxy power data; barrel rate 20.4; hard-hit 62; EV 96.4; projected lineup spot 1; pitcher HR/9 1.1; Neutral; Neutral; Wind In Drag; Real Statcast barrel rate is elite; Hard-hit profile supports HR upside; Exit velocity supports power; Elite power profile; recent HR log: Sep 27 vs Athletics: 1 HR (2 days ago) | Sep 25 vs Athletics: 1 HR (4 days ago) | Sep 24 vs Athletics: 1 HR (5 days ago) | Sep 22 vs Seattle Mariners: 1 HR (7 days ago) | Sep 08 vs Philadelphia Phillies: 1 HR (21 days ago); Split unknown. Risk note: Home runs are low-frequency events; lineup is projected not confirmed; pitcher hand is Unknown; weather direction is 186.0; full pitch-by-pitch mix is still pending until dedicated pitch feed is connected.
2026-09-29,TOMORROW,"Sep 29, 2026",10:00 PM ET,Tuesday,2026-09-30T02:00:00Z,Chicago Cubs @ San Diego Padres,Alex Bregman,Chicago Cubs,3B,608324,Home Runs,0.5,Michael King,Michael King,R,R,2,Projected,Active,Projected,Pitcher-friendly park • pull-side RH power,Wind drag,Power 30%: 97.0 | Pitcher 20%: 66.2 | Weather 15%: 69.0 | Park 15%: 62.5 | Recent HR 10%: 88.9 | Lineup 10%: 88 | Pitch Matchup: 84.0,N/A,N/A,Odds feed not connected,No,8.71,8.71,8.71,83.8,99.0,7.06,22.0,62.0,54.8,97.0,17.7,N/A,Proxy,Sep 27 vs Boston Red Sox: 2 HR (2 days ago) | Sep 16 vs Atlanta Braves: 1 HR (13 days ago) | Sep 11 vs Pittsburgh Pirates: 1 HR (18 days ago) | Sep 02 vs Milwaukee Brewers: 1 HR (27 days ago) | Aug 31 vs Milwaukee Brewers: 3 HR (29 days ago),8,2,"[{""Game"": ""@PP\n9/12/26"", ""Date"": ""Sep 12"", ""Opponent"": ""Pittsburgh Pirates"", ""HR"": 0, ""Days Ago"": 17, ""Tooltip"": ""Sep 12 vs Pittsburgh Pirates \u2014 0 HR""}, {""Game"": ""@PP\n9/13/26"", ""Date"": ""Sep 13"", ""Opponent"": ""Pittsburgh Pirates"", ""HR"": 0, ""Days Ago"": 16, ""Tooltip"": ""Sep 13 vs Pittsburgh Pirates \u2014 0 HR""}, {""Game"": ""@AB\n9/14/26"", ""Date"": ""Sep 14"", ""Opponent"": ""Atlanta Braves"", ""HR"": 0, ""Days Ago"": 15, ""Tooltip"": ""Sep 14 vs Atlanta Braves \u2014 0 HR""}, {""Game"": ""@AB\n9/15/26"", ""Date"": ""Sep 15"", ""Opponent"": ""Atlanta Braves"", ""HR"": 0, ""Days Ago"": 14, ""Tooltip"": ""Sep 15 vs Atlanta Braves \u2014 0 HR""}, {""Game"": ""@AB\n9/16/26"", ""Date"": ""Sep 16"", ""Opponent"": ""Atlanta Braves"", ""HR"": 1, ""Days Ago"": 13, ""Tooltip"": ""Sep 16 vs Atlanta Braves \u2014 1 HR""}, {""Game"": ""@CR\n9/18/26"", ""Date"": ""Sep 18"", ""Opponent"": ""Cincinnati Reds"", ""HR"": 0, ""Days Ago"": 11, ""Tooltip"": ""Sep 18 vs Cincinnati Reds \u2014 0 HR""}, {""Game"": ""@CR\n9/19/26"", ""Date"": ""Sep 19"", ""Opponent"": ""Cincinnati Reds"", ""HR"": 0, ""Days Ago"": 10, ""Tooltip"": ""Sep 19 vs Cincinnati Reds \u2014 0 HR""}, {""Game"": ""@CR\n9/20/26"", ""Date"": ""Sep 20"", ""Opponent"": ""Cincinnati Reds"", ""HR"": 0, ""Days Ago"": 9, ""Tooltip"": ""Sep 20 vs Cincinnati Reds \u2014 0 HR""}, {""Game"": ""@RS\n9/25/26"", ""Date"": ""Sep 25"", ""Opponent"": ""Boston Red Sox"", ""HR"": 0, ""Days Ago"": 4, ""Tooltip"": ""Sep 25 vs Boston Red Sox \u2014 0 HR""}, {""Game"": ""@RS\n9/27/26"", ""Date"": ""Sep 27"", ""Opponent"": ""Boston Red Sox"", ""HR"": 2, ""Days Ago"": 2, ""Tooltip"": ""Sep 27 vs Boston Red Sox \u2014 2 HR""}]",0.199,0.464,51.2,0.97,Proxy,Pitch mix pending,Same-side matchup; Real Statcast barrel rate is elite; Hard-hit profile supports HR upside; Exit velocity supports power; Elite power profile,84.0,Petco Park,Pitcher Friendly,62.5,Neutral,Neutral,69.0,Light Wind In,67.0,-3,198.0,5.5,71.3,70.0,77.7,MED,Power score 97.0; Proxy power data; barrel rate 22; hard-hit 62; EV 97; projected lineup spot 2; pitcher HR/9 0.97; Pitcher Friendly; Neutral; Light Wind In; Same-side matchup; Real Statcast barrel rate is elite; Hard-hit profile supports HR upside; Exit velocity supports power; Elite power profile; recent HR log: Sep 27 vs Boston Red Sox: 2 HR (2 days ago) | Sep 16 vs Atlanta Braves: 1 HR (13 days ago) | Sep 11 vs Pittsburgh Pirates: 1 HR (18 days ago) | Sep 02 vs Milwaukee Brewers: 1 HR (27 days ago) | Aug 31 vs Milwaukee Brewers: 3 HR (29 days ago); Same-side split check.,Home runs are low-frequency events; lineup is projected not confirmed; pitcher hand is R; weather direction is 198.0; full pitch-by-pitch mix is still pending until dedicated pitch feed is connected.,HR confidence 77.7/100. Real HR probability estimate 8.71%. Power score 97.0; Proxy power data; barrel rate 22; hard-hit 62; EV 97; projected lineup spot 2; pitcher HR/9 0.97; Pitcher Friendly; Neutral; Light Wind In; Same-side matchup; Real Statcast barrel rate is elite; Hard-hit profile supports HR upside; Exit velocity supports power; Elite power profile; recent HR log: Sep 27 vs Boston Red Sox: 2 HR (2 days ago) | Sep 16 vs Atlanta Braves: 1 HR (13 days ago) | Sep 11 vs Pittsburgh Pirates: 1 HR (18 days ago) | Sep 02 vs Milwaukee Brewers: 1 HR (27 days ago) | Aug 31 vs Milwaukee Brewers: 3 HR (29 days ago); Same-side split check. Risk note: Home runs are low-frequency events; lineup is projected not confirmed; pitcher hand is R; weather direction is 198.0; full pitch-by-pitch mix is still pending until dedicated pitch feed is connected.
2026-09-29,TOMORROW,"Sep 29, 2026",10:00 PM ET,Tuesday,2026-09-30T02:00:00Z,Chicago Cubs @ San Diego Padres,Michael Conforto,Chicago Cubs,DH,624424,Home Runs,0.5,Michael King,Michael King,R,L,1,Projected,Active,Projected,Pitcher-friendly park • pull-side LH power,Wind drag,Power 30%: 95.4 | Pitcher 20%: 66.2 | Weather 15%: 69.0 | Park 15%: 62.5 | Recent HR 10%: 90 | Lineup 10%: 88 | Pitch Matchup: 91.0,N/A,N/A,Odds feed not connected,No,8.54,8.54,8.54,83.1,99.0,6.69,21.5,62.0,54.2,97.0,17.5,N/A,Proxy,Sep 20 vs Cincinnati Reds: 1 HR (9 days ago) | Sep 05 vs Miami Marlins: 1 HR (24 days ago) | Aug 31 vs Milwaukee Brewers: 1 HR (29 days ago) | Aug 24 vs Arizona Diamondbacks: 1 HR (36 days ago) | Aug 23 vs Seattle Mariners: 1 HR (37 days ago),5,9,"[{""Game"": ""@AB\n9/14/26"", ""Date"": ""Sep 14"", ""Opponent"": ""Atlanta Braves"", ""HR"": 0, ""Days Ago"": 15, ""Tooltip"": ""Sep 14 vs Atlanta Braves \u2014 0 HR""}, {""Game"": ""@AB\n9/15/26"", ""Date"": ""Sep 15"", ""Opponent"": ""Atlanta Braves"", ""HR"": 0, ""Days Ago"": 14, ""Tooltip"": ""Sep 15 vs Atlanta Braves \u2014 0 HR""}, {""Game"": ""@AB\n9/16/26"", ""Date"": ""Sep 16"", ""Opponent"": ""Atlanta Braves"", ""HR"": 0, ""Days Ago"": 13, ""Tooltip"": ""Sep 16 vs Atlanta Braves \u2014 0 HR""}, {""Game"": ""@CR\n9/18/26"", ""Date"": ""Sep 18"", ""Opponent"": ""Cincinnati Reds"", ""HR"": 0, ""Days Ago"": 11, ""Tooltip"": ""Sep 18 vs Cincinnati Reds \u2014 0 HR""}, {""Game"": ""@CR\n9/20/26"", ""Date"": ""Sep 20"", ""Opponent"": ""Cincinnati Reds"", ""HR"": 1, ""Days Ago"": 9, ""Tooltip"": ""Sep 20 vs Cincinnati Reds \u2014 1 HR""}, {""Game"": ""@MM\n9/22/26"", ""Date"": ""Sep 22"", ""Opponent"": ""Miami Marlins"", ""HR"": 0, ""Days Ago"": 7, ""Tooltip"": ""Sep 22 vs Miami Marlins \u2014 0 HR""}, {""Game"": ""@MM\n9/23/26"", ""Date"": ""Sep 23"", ""Opponent"": ""Miami Marlins"", ""HR"": 0, ""Days Ago"": 6, ""Tooltip"": ""Sep 23 vs Miami Marlins \u2014 0 HR""}, {""Game"": ""@MM\n9/24/26"", ""Date"": ""Sep 24"", ""Opponent"": ""Miami Marlins"", ""HR"": 0, ""Days Ago"": 5, ""Tooltip"": ""Sep 24 vs Miami Marlins \u2014 0 HR""}, {""Game"": ""@RS\n9/25/26"", ""Date"": ""Sep 25"", ""Opponent"": ""Boston Red Sox"", ""HR"": 0, ""Days Ago"": 4, ""Tooltip"": ""Sep 25 vs Boston Red Sox \u2014 0 HR""}, {""Game"": ""@RS\n9/27/26"", ""Date"": ""Sep 27"", ""Opponent"": ""Boston Red Sox"", ""HR"": 0, ""Days Ago"": 2, ""Tooltip"": ""Sep 27 vs Boston Red Sox \u2014 0 HR""}]",0.229,0.469,50.7,0.97,Proxy,Pitch mix pending,LHB platoon look vs RHP; Real Statcast barrel rate is elite; Hard-hit profile supports HR upside; Exit velocity supports power; Elite power profile,91.0,Petco Park,Pitcher Friendly,62.5,Neutral,Neutral,69.0,Light Wind In,67.0,-3,198.0,5.5,71.3,70.0,77.6,MED,Power score 95.4; Proxy power data; barrel rate 21.5; hard-hit 62; EV 97; projected lineup spot 1; pitcher HR/9 0.97; Pitcher Friendly; Neutral; Light Wind In; LHB platoon look vs RHP; Real Statcast barrel rate is elite; Hard-hit profile supports HR upside; Exit velocity supports power; Elite power profile; recent HR log: Sep 20 vs Cincinnati Reds: 1 HR (9 days ago) | Sep 05 vs Miami Marlins: 1 HR (24 days ago) | Aug 31 vs Milwaukee Brewers: 1 HR (29 days ago) | Aug 24 vs Arizona Diamondbacks: 1 HR (36 days ago) | Aug 23 vs Seattle Mariners: 1 HR (37 days ago); LHB vs RHP advantage check.,Home runs are low-frequency events; lineup is projected not confirmed; pitcher hand is R; weather direction is 198.0; full pitch-by-pitch mix is still pending until dedicated pitch feed is connected.,HR confidence 77.6/100. Real HR probability estimate 8.54%. Power score 95.4; Proxy power data; barrel rate 21.5; hard-hit 62; EV 97; projected lineup spot 1; pitcher HR/9 0.97; Pitcher Friendly; Neutral; Light Wind In; LHB platoon look vs RHP; Real Statcast barrel rate is elite; Hard-hit profile supports HR upside; Exit velocity supports power; Elite power profile; recent HR log: Sep 20 vs Cincinnati Reds: 1 HR (9 days ago) | Sep 05 vs Miami Marlins: 1 HR (24 days ago) | Aug 31 vs Milwaukee Brewers: 1 HR (29 days ago) | Aug 24 vs Arizona Diamondbacks: 1 HR (36 days ago) | Aug 23 vs Seattle Mariners: 1 HR (37 days ago); LHB vs RHP advantage check. Risk note: Home runs are low-frequency events; lineup is projected not confirmed; pitcher hand is R; weather direction is 198.0; full pitch-by-pitch mix is still pending until dedicated pitch feed is connected.
2026-09-29,TOMORROW,"Sep 29, 2026",10:00 PM ET,Tuesday,2026-09-30T02:00:00Z,Chicago Cubs @ San Diego Padres,Fernando Tatis Jr.,San Diego Padres,RF,665487,Home Runs,0.5,Projected Starter,Projected Starter,Unknown,R,2,Projected,Active,Projected,Pitcher-friendly park • pull-side RH power,Wind drag,Power 30%: 99 | Pitcher 20%: 70 | Weather 15%: 69.0 | Park 15%: 62.5 | Recent HR 10%: 85.2 | Lineup 10%: 88 | Pitch Matchup: 86.0,N/A,N/A,Odds feed not connected,No,7.99,7.99,7.99,80.8,99.0,5.48,22.0,62.0,55.6,97.0,17.9,N/A,Proxy,Sep 20 vs Miami Marlins: 1 HR (9 days ago) | Sep 19 vs Miami Marlins: 1 HR (10 days ago) | Sep 15 vs Colorado Rockies: 1 HR (14 days ago) | Sep 14 vs Colorado Rockies: 1 HR (15 days ago) | Sep 12 vs San Francisco Giants: 1 HR (17 days ago),5,9,"[{""Game"": ""@CR\n9/16/26"", ""Date"": ""Sep 16"", ""Opponent"": ""Colorado Rockies"", ""HR"": 0, ""Days Ago"": 13, ""Tooltip"": ""Sep 16 vs Colorado Rockies \u2014 0 HR""}, {""Game"": ""@CR\n9/17/26"", ""Date"": ""Sep 17"", ""Opponent"": ""Colorado Rockies"", ""HR"": 0, ""Days Ago"": 12, ""Tooltip"": ""Sep 17 vs Colorado Rockies \u2014 0 HR""}, {""Game"": ""@MM\n9/18/26"", ""Date"": ""Sep 18"", ""Opponent"": ""Miami Marlins"", ""HR"": 0, ""Days Ago"": 11, ""Tooltip"": ""Sep 18 vs Miami Marlins \u2014 0 HR""}, {""Game"": ""@MM\n9/19/26"", ""Date"": ""Sep 19"", ""Opponent"": ""Miami Marlins"", ""HR"": 1, ""Days Ago"": 10, ""Tooltip"": ""Sep 19 vs Miami Marlins \u2014 1 HR""}, {""Game"": ""@MM\n9/20/26"", ""Date"": ""Sep 20"", ""Opponent"": ""Miami Marlins"", ""HR"": 1, ""Days Ago"": 9, ""Tooltip"": ""Sep 20 vs Miami Marlins \u2014 1 HR""}, {""Game"": ""@AD\n9/22/26"", ""Date"": ""Sep 22"", ""Opponent"": ""Los Angeles Dodgers"", ""HR"": 0, ""Days Ago"": 7, ""Tooltip"": ""Sep 22 vs Los Angeles Dodgers \u2014 0 HR""}, {""Game"": ""@AD\n9/23/26"", ""Date"": ""Sep 23"", ""Opponent"": ""Los Angeles Dodgers"", ""HR"": 0, ""Days Ago"": 6, ""Tooltip"": ""Sep 23 vs Los Angeles Dodgers \u2014 0 HR""}, {""Game"": ""@AD\n9/24/26"", ""Date"": ""Sep 24"", ""Opponent"": ""Los Angeles Dodgers"", ""HR"": 0, ""Days Ago"": 5, ""Tooltip"": ""Sep 24 vs Los Angeles Dodgers \u2014 0 HR""}, {""Game"": ""@AD\n9/25/26"", ""Date"": ""Sep 25"", ""Opponent"": ""Arizona Diamondbacks"", ""HR"": 0, ""Days Ago"": 4, ""Tooltip"": ""Sep 25 vs Arizona Diamondbacks \u2014 0 HR""}, {""Game"": ""@AD\n9/26/26"", ""Date"": ""Sep 26"", ""Opponent"": ""Arizona Diamondbacks"", ""HR"": 0, ""Days Ago"": 3, ""Tooltip"": ""Sep 26 vs Arizona Diamondbacks \u2014 0 HR""}]",0.181,0.47,51.7,1.1,Proxy,Pitch mix pending,Real Statcast barrel rate is elite; Hard-hit profile supports HR upside; Exit velocity supports power; Elite power profile,86.0,Petco Park,Pitcher Friendly,62.5,Neutral,Neutral,69.0,Light Wind In,67.0,-3,198.0,5.5,71.3,70.0,77.8,MED,Power score 99; Proxy power data; barrel rate 22; hard-hit 62; EV 97; projected lineup spot 2; pitcher HR/9 1.1; Pitcher Friendly; Neutral; Light Wind In; Real Statcast barrel rate is elite; Hard-hit profile supports HR upside; Exit velocity supports power; Elite power profile; recent HR log: Sep 20 vs Miami Marlins: 1 HR (9 days ago) | Sep 19 vs Miami Marlins: 1 HR (10 days ago) | Sep 15 vs Colorado Rockies: 1 HR (14 days ago) | Sep 14 vs Colorado Rockies: 1 HR (15 days ago) | Sep 12 vs San Francisco Giants: 1 HR (17 days ago); Split unknown.,Home runs are low-frequency events; lineup is projected not confirmed; pitcher hand is Unknown; weather direction is 198.0; full pitch-by-pitch mix is still pending until dedicated pitch feed is connected.,HR confidence 77.8/100. Real HR probability estimate 7.99%. Power score 99; Proxy power data; barrel rate 22; hard-hit 62; EV 97; projected lineup spot 2; pitcher HR/9 1.1; Pitcher Friendly; Neutral; Light Wind In; Real Statcast barrel rate is elite; Hard-hit profile supports HR upside; Exit velocity supports power; Elite power profile; recent HR log: Sep 20 vs Miami Marlins: 1 HR (9 days ago) | Sep 19 vs Miami Marlins: 1 HR (10 days ago) | Sep 15 vs Colorado Rockies: 1 HR (14 days ago) | Sep 14 vs Colorado Rockies: 1 HR (15 days ago) | Sep 12 vs San Francisco Giants: 1 HR (17 days ago); Split unknown. Risk note: Home runs are low-frequency events; lineup is projected not confirmed; pitcher hand is Unknown; weather direction is 198.0; full pitch-by-pitch mix is still pending until dedicated pitch feed is connected.
2026-09-29,TOMORROW,"Sep 29, 2026",10:00 PM ET,Tuesday,2026-09-30T02:00:00Z,Chicago Cubs @ San Diego Padres,Pete Crow-Armstrong,Chicago Cubs,CF,691718,Home Runs,0.5,Michael King,Michael King,R,L,3,Projected,Active,Projected,Pitcher-friendly park • pull-side LH power,Wind drag,Power 30%: 97.0 | Pitcher 20%: 66.2 | Weather 15%: 69.0 | Park 15%: 62.5 | Recent HR 10%: 90 | Lineup 10%: 88 | Pitch Matchup: 91.0,N/A,N/A,Odds feed not connected,No,8.64,8.64,8.64,83.5,99.0,6.91,22.0,62.0,54.8,97.0,17.7,N/A,Proxy,Sep 20 vs Cincinnati Reds: 1 HR (9 days ago) | Sep 16 vs Atlanta Braves: 2 HR (13 days ago) | Sep 14 vs Atlanta Braves: 1 HR (15 days ago) | Sep 07 vs Milwaukee Brewers: 1 HR (22 days ago) | Sep 06 vs Miami Marlins: 1 HR (23 days ago),6,9,"[{""Game"": ""@AB\n9/16/26"", ""Date"": ""Sep 16"", ""Opponent"": ""Atlanta Braves"", ""HR"": 2, ""Days Ago"": 13, ""Tooltip"": ""Sep 16 vs Atlanta Braves \u2014 2 HR""}, {""Game"": ""@CR\n9/18/26"", ""Date"": ""Sep 18"", ""Opponent"": ""Cincinnati Reds"", ""HR"": 0, ""Days Ago"": 11, ""Tooltip"": ""Sep 18 vs Cincinnati Reds \u2014 0 HR""}, {""Game"": ""@CR\n9/19/26"", ""Date"": ""Sep 19"", ""Opponent"": ""Cincinnati Reds"", ""HR"": 0, ""Days Ago"": 10, ""Tooltip"": ""Sep 19 vs Cincinnati Reds \u2014 0 HR""}, {""Game"": ""@CR\n9/20/26"", ""Date"": ""Sep 20"", ""Opponent"": ""Cincinnati Reds"", ""HR"": 1, ""Days Ago"": 9, ""Tooltip"": ""Sep 20 vs Cincinnati Reds \u2014 1 HR""}, {""Game"": ""@MM\n9/22/26"", ""Date"": ""Sep 22"", ""Opponent"": ""Miami Marlins"", ""HR"": 0, ""Days Ago"": 7, ""Tooltip"": ""Sep 22 vs Miami Marlins \u2014 0 HR""}, {""Game"": ""@MM\n9/23/26"", ""Date"": ""Sep 23"", ""Opponent"": ""Miami Marlins"", ""HR"": 0, ""Days Ago"": 6, ""Tooltip"": ""Sep 23 vs Miami Marlins \u2014 0 HR""}, {""Game"": ""@MM\n9/24/26"", ""Date"": ""Sep 24"", ""Opponent"": ""Miami Marlins"", ""HR"": 0, ""Days Ago"": 5, ""Tooltip"": ""Sep 24 vs Miami Marlins \u2014 0 HR""}, {""Game"": ""@RS\n9/25/26"", ""Date"": ""Sep 25"", ""Opponent"": ""Boston Red Sox"", ""HR"": 0, ""Days Ago"": 4, ""Tooltip"": ""Sep 25 vs Boston Red Sox \u2014 0 HR""}, {""Game"": ""@RS\n9/25/26"", ""Date"": ""Sep 25"", ""Opponent"": ""Boston Red Sox"", ""HR"": 0, ""Days Ago"": 4, ""Tooltip"": ""Sep 25 vs Boston Red Sox \u2014 0 HR""}, {""Game"": ""@RS\n9/27/26"", ""Date"": ""Sep 27"", ""Opponent"": ""Boston Red Sox"", ""HR"": 0, ""Days Ago"": 2, ""Tooltip"": ""Sep 27 vs Boston Red Sox \u2014 0 HR""}]",0.29,0.57,51.2,0.97,Proxy,Pitch mix pending,LHB platoon look vs RHP; Real Statcast barrel rate is elite; Hard-hit profile supports HR upside; Exit velocity supports power; Elite power profile,91.0,Petco Park,Pitcher Friendly,62.5,Neutral,Neutral,69.0,Light Wind In,67.0,-3,198.0,5.5,71.3,70.0,78.1,MED,Power score 97.0; Proxy power data; barrel rate 22; hard-hit 62; EV 97; projected lineup spot 3; pitcher HR/9 0.97; Pitcher Friendly; Neutral; Light Wind In; LHB platoon look vs RHP; Real Statcast barrel rate is elite; Hard-hit profile supports HR upside; Exit velocity supports power; Elite power profile; recent HR log: Sep 20 vs Cincinnati Reds: 1 HR (9 days ago) | Sep 16 vs Atlanta Braves: 2 HR (13 days ago) | Sep 14 vs Atlanta Braves: 1 HR (15 days ago) | Sep 07 vs Milwaukee Brewers: 1 HR (22 days ago) | Sep 06 vs Miami Marlins: 1 HR (23 days ago); LHB vs RHP advantage check.,Home runs are low-frequency events; lineup is projected not confirmed; pitcher hand is R; weather direction is 198.0; full pitch-by-pitch mix is still pending until dedicated pitch feed is connected.,HR confidence 78.1/100. Real HR probability estimate 8.64%. Power score 97.0; Proxy power data; barrel rate 22; hard-hit 62; EV 97; projected lineup spot 3; pitcher HR/9 0.97; Pitcher Friendly; Neutral; Light Wind In; LHB platoon look vs RHP; Real Statcast barrel rate is elite; Hard-hit profile supports HR upside; Exit velocity supports power; Elite power profile; recent HR log: Sep 20 vs Cincinnati Reds: 1 HR (9 days ago) | Sep 16 vs Atlanta Braves: 2 HR (13 days ago) | Sep 14 vs Atlanta Braves: 1 HR (15 days ago) | Sep 07 vs Milwaukee Brewers: 1 HR (22 days ago) | Sep 06 vs Miami Marlins: 1 HR (23 days ago); LHB vs RHP advantage check. Risk note: Home runs are low-frequency events; lineup is projected not confirmed; pitcher hand is R; weather direction is 198.0; full pitch-by-pitch mix is still pending until dedicated pitch feed is connected.
2026-09-29,TOMORROW,"Sep 29, 2026",8:00 PM ET,Tuesday,2026-09-30T00:00:00Z,Boston Red Sox @ New York Yankees,Luis García Jr.,New York Yankees,1B,671277,Home Runs,0.5,Payton Tolle,Payton Tolle,L,L,3,Projected,Active,Projected,Strong HR park • pull-side LH power,No major red flags,Power 30%: 97.0 | Pitcher 20%: 63.3 | Weather 15%: 72.0 | Park 15%: 85.0 | Recent HR 10%: 90 | Lineup 10%: 88 | Pitch Matchup: 84.0,N/A,N/A,Odds feed not connected,No,8.33,8.33,8.33,82.2,99.0,6.23,22.0,62.0,54.8,97.0,17.7,N/A,Proxy,Sep 10 vs Colorado Rockies: 1 HR (19 days ago) | Sep 09 vs Colorado Rockies: 1 HR (20 days ago) | Aug 26 vs Houston Astros: 1 HR (34 days ago) | Aug 25 vs Houston Astros: 1 HR (35 days ago) | Aug 22 vs Toronto Blue Jays: 1 HR (38 days ago),5,19,"[{""Game"": ""@YM\n9/13/26"", ""Date"": ""Sep 13"", ""Opponent"": ""New York Mets"", ""HR"": 0, ""Days Ago"": 16, ""Tooltip"": ""Sep 13 vs New York Mets \u2014 0 HR""}, {""Game"": ""@MT\n9/14/26"", ""Date"": ""Sep 14"", ""Opponent"": ""Minnesota Twins"", ""HR"": 0, ""Days Ago"": 15, ""Tooltip"": ""Sep 14 vs Minnesota Twins \u2014 0 HR""}, {""Game"": ""@MT\n9/15/26"", ""Date"": ""Sep 15"", ""Opponent"": ""Minnesota Twins"", ""HR"": 0, ""Days Ago"": 14, ""Tooltip"": ""Sep 15 vs Minnesota Twins \u2014 0 HR""}, {""Game"": ""@MT\n9/16/26"", ""Date"": ""Sep 16"", ""Opponent"": ""Minnesota Twins"", ""HR"": 0, ""Days Ago"": 13, ""Tooltip"": ""Sep 16 vs Minnesota Twins \u2014 0 HR""}, {""Game"": ""@AD\n9/19/26"", ""Date"": ""Sep 19"", ""Opponent"": ""Arizona Diamondbacks"", ""HR"": 0, ""Days Ago"": 10, ""Tooltip"": ""Sep 19 vs Arizona Diamondbacks \u2014 0 HR""}, {""Game"": ""@AD\n9/20/26"", ""Date"": ""Sep 20"", ""Opponent"": ""Arizona Diamondbacks"", ""HR"": 0, ""Days Ago"": 9, ""Tooltip"": ""Sep 20 vs Arizona Diamondbacks \u2014 0 HR""}, {""Game"": ""@BR\n9/22/26"", ""Date"": ""Sep 22"", ""Opponent"": ""Tampa Bay Rays"", ""HR"": 0, ""Days Ago"": 7, ""Tooltip"": ""Sep 22 vs Tampa Bay Rays \u2014 0 HR""}, {""Game"": ""@BR\n9/22/26"", ""Date"": ""Sep 22"", ""Opponent"": ""Tampa Bay Rays"", ""HR"": 0, ""Days Ago"": 7, ""Tooltip"": ""Sep 22 vs Tampa Bay Rays \u2014 0 HR""}, {""Game"": ""@BR\n9/23/26"", ""Date"": ""Sep 23"", ""Opponent"": ""Tampa Bay Rays"", ""HR"": 0, ""Days Ago"": 6, ""Tooltip"": ""Sep 23 vs Tampa Bay Rays \u2014 0 HR""}, {""Game"": ""@BO\n9/25/26"", ""Date"": ""Sep 25"", ""Opponent"": ""Baltimore Orioles"", ""HR"": 0, ""Days Ago"": 4, ""Tooltip"": ""Sep 25 vs Baltimore Orioles \u2014 0 HR""}]",0.244,0.521,51.2,0.91,Proxy,Pitch mix pending,Same-side matchup; Real Statcast barrel rate is elite; Hard-hit profile supports HR upside; Exit velocity supports power; Elite power profile,84.0,Yankee Stadium,HR Boost,85.0,Neutral,Neutral,72.0,Neutral Wind,70.0,0,270.0,3.1,61.0,91.0,78.5,MED,Power score 97.0; Proxy power data; barrel rate 22; hard-hit 62; EV 97; projected lineup spot 3; pitcher HR/9 0.91; HR Boost; Neutral; Neutral Wind; Same-side matchup; Real Statcast barrel rate is elite; Hard-hit profile supports HR upside; Exit velocity supports power; Elite power profile; recent HR log: Sep 10 vs Colorado Rockies: 1 HR (19 days ago) | Sep 09 vs Colorado Rockies: 1 HR (20 days ago) | Aug 26 vs Houston Astros: 1 HR (34 days ago) | Aug 25 vs Houston Astros: 1 HR (35 days ago) | Aug 22 vs Toronto Blue Jays: 1 HR (38 days ago); Same-side split check.,Home runs are low-frequency events; lineup is projected not confirmed; pitcher hand is L; weather direction is 270.0; full pitch-by-pitch mix is still pending until dedicated pitch feed is connected.,HR confidence 78.5/100. Real HR probability estimate 8.33%. Power score 97.0; Proxy power data; barrel rate 22; hard-hit 62; EV 97; projected lineup spot 3; pitcher HR/9 0.91; HR Boost; Neutral; Neutral Wind; Same-side matchup; Real Statcast barrel rate is elite; Hard-hit profile supports HR upside; Exit velocity supports power; Elite power profile; recent HR log: Sep 10 vs Colorado Rockies: 1 HR (19 days ago) | Sep 09 vs Colorado Rockies: 1 HR (20 days ago) | Aug 26 vs Houston Astros: 1 HR (34 days ago) | Aug 25 vs Houston Astros: 1 HR (35 days ago) | Aug 22 vs Toronto Blue Jays: 1 HR (38 days ago); Same-side split check. Risk note: Home runs are low-frequency events; lineup is projected not confirmed; pitcher hand is L; weather direction is 270.0; full pitch-by-pitch mix is still pending until dedicated pitch feed is connected.
2026-09-29,TOMORROW,"Sep 29, 2026",8:00 PM ET,Tuesday,2026-09-30T00:00:00Z,Boston Red Sox @ New York Yankees,Ben Rice,New York Yankees,DH,700250,Home Runs,0.5,Payton Tolle,Payton Tolle,L,L,2,Projected,Active,Projected,Strong HR park • pull-side LH power,No major red flags,Power 30%: 97.0 | Pitcher 20%: 63.3 | Weather 15%: 72.0 | Park 15%: 85.0 | Recent HR 10%: 90 | Lineup 10%: 88 | Pitch Matchup: 84.0,N/A,N/A,Odds feed not connected,No,8.81,8.81,8.81,84.2,99.0,7.28,22.0,62.0,54.8,97.0,17.7,N/A,Proxy,Sep 23 vs Tampa Bay Rays: 2 HR (6 days ago) | Sep 18 vs Arizona Diamondbacks: 1 HR (11 days ago) | Sep 13 vs New York Mets: 1 HR (16 days ago) | Sep 11 vs New York Mets: 1 HR (18 days ago) | Sep 04 vs San Diego Padres: 1 HR (25 days ago),6,6,"[{""Game"": ""@MT\n9/16/26"", ""Date"": ""Sep 16"", ""Opponent"": ""Minnesota Twins"", ""HR"": 0, ""Days Ago"": 13, ""Tooltip"": ""Sep 16 vs Minnesota Twins \u2014 0 HR""}, {""Game"": ""@AD\n9/18/26"", ""Date"": ""Sep 18"", ""Opponent"": ""Arizona Diamondbacks"", ""HR"": 1, ""Days Ago"": 11, ""Tooltip"": ""Sep 18 vs Arizona Diamondbacks \u2014 1 HR""}, {""Game"": ""@AD\n9/19/26"", ""Date"": ""Sep 19"", ""Opponent"": ""Arizona Diamondbacks"", ""HR"": 0, ""Days Ago"": 10, ""Tooltip"": ""Sep 19 vs Arizona Diamondbacks \u2014 0 HR""}, {""Game"": ""@AD\n9/20/26"", ""Date"": ""Sep 20"", ""Opponent"": ""Arizona Diamondbacks"", ""HR"": 0, ""Days Ago"": 9, ""Tooltip"": ""Sep 20 vs Arizona Diamondbacks \u2014 0 HR""}, {""Game"": ""@BR\n9/22/26"", ""Date"": ""Sep 22"", ""Opponent"": ""Tampa Bay Rays"", ""HR"": 0, ""Days Ago"": 7, ""Tooltip"": ""Sep 22 vs Tampa Bay Rays \u2014 0 HR""}, {""Game"": ""@BR\n9/22/26"", ""Date"": ""Sep 22"", ""Opponent"": ""Tampa Bay Rays"", ""HR"": 0, ""Days Ago"": 7, ""Tooltip"": ""Sep 22 vs Tampa Bay Rays \u2014 0 HR""}, {""Game"": ""@BR\n9/23/26"", ""Date"": ""Sep 23"", ""Opponent"": ""Tampa Bay Rays"", ""HR"": 2, ""Days Ago"": 6, ""Tooltip"": ""Sep 23 vs Tampa Bay Rays \u2014 2 HR""}, {""Game"": ""@BR\n9/24/26"", ""Date"": ""Sep 24"", ""Opponent"": ""Tampa Bay Rays"", ""HR"": 0, ""Days Ago"": 5, ""Tooltip"": ""Sep 24 vs Tampa Bay Rays \u2014 0 HR""}, {""Game"": ""@BO\n9/25/26"", ""Date"": ""Sep 25"", ""Opponent"": ""Baltimore Orioles"", ""HR"": 0, ""Days Ago"": 4, ""Tooltip"": ""Sep 25 vs Baltimore Orioles \u2014 0 HR""}, {""Game"": ""@BO\n9/25/26"", ""Date"": ""Sep 25"", ""Opponent"": ""Baltimore Orioles"", ""HR"": 0, ""Days Ago"": 4, ""Tooltip"": ""Sep 25 vs Baltimore Orioles \u2014 0 HR""}]",0.27,0.534,51.2,0.91,Proxy,Pitch mix pending,Same-side matchup; Real Statcast barrel rate is elite; Hard-hit profile supports HR upside; Exit velocity supports power; Elite power profile,84.0,Yankee Stadium,HR Boost,85.0,Neutral,Neutral,72.0,Neutral Wind,70.0,0,270.0,3.1,61.0,91.0,79.1,MED,Power score 97.0; Proxy power data; barrel rate 22; hard-hit 62; EV 97; projected lineup spot 2; pitcher HR/9 0.91; HR Boost; Neutral; Neutral Wind; Same-side matchup; Real Statcast barrel rate is elite; Hard-hit profile supports HR upside; Exit velocity supports power; Elite power profile; recent HR log: Sep 23 vs Tampa Bay Rays: 2 HR (6 days ago) | Sep 18 vs Arizona Diamondbacks: 1 HR (11 days ago) | Sep 13 vs New York Mets: 1 HR (16 days ago) | Sep 11 vs New York Mets: 1 HR (18 days ago) | Sep 04 vs San Diego Padres: 1 HR (25 days ago); Same-side split check.,Home runs are low-frequency events; lineup is projected not confirmed; pitcher hand is L; weather direction is 270.0; full pitch-by-pitch mix is still pending until dedicated pitch feed is connected.,HR confidence 79.1/100. Real HR probability estimate 8.81%. Power score 97.0; Proxy power data; barrel rate 22; hard-hit 62; EV 97; projected lineup spot 2; pitcher HR/9 0.91; HR Boost; Neutral; Neutral Wind; Same-side matchup; Real Statcast barrel rate is elite; Hard-hit profile supports HR upside; Exit velocity supports power; Elite power profile; recent HR log: Sep 23 vs Tampa Bay Rays: 2 HR (6 days ago) | Sep 18 vs Arizona Diamondbacks: 1 HR (11 days ago) | Sep 13 vs New York Mets: 1 HR (16 days ago) | Sep 11 vs New York Mets: 1 HR (18 days ago) | Sep 04 vs San Diego Padres: 1 HR (25 days ago); Same-side split check. Risk note: Home runs are low-frequency events; lineup is projected not confirmed; pitcher hand is L; weather direction is 270.0; full pitch-by-pitch mix is still pending until dedicated pitch feed is connected.
2026-09-29,TOMORROW,"Sep 29, 2026",5:00 PM ET,Tuesday,2026-09-29T21:00:00Z,Chicago White Sox @ Houston Astros,Miguel Vargas,Chicago White Sox,3B,678246,Home Runs,0.5,Projected Starter,Projected Starter,Unknown,R,2,Projected,Active,Projected,Neutral HR park • pull-side RH power,Wind drag,Power 30%: 97.0 | Pitcher 20%: 70 | Weather 15%: 70.0 | Park 15%: 70.0 | Recent HR 10%: 90 | Lineup 10%: 88 | Pitch Matchup: 86.0,N/A,N/A,Odds feed not connected,No,8.11,8.11,8.11,81.3,98.9,5.74,22.0,62.0,54.8,97.0,17.7,N/A,Proxy,Sep 19 vs Detroit Tigers: 1 HR (10 days ago) | Sep 18 vs Detroit Tigers: 1 HR (11 days ago) | Sep 14 vs Cleveland Guardians: 1 HR (15 days ago) | Sep 04 vs Minnesota Twins: 1 HR (25 days ago) | Aug 21 vs New York Mets: 1 HR (39 days ago),5,10,"[{""Game"": ""@CG\n9/16/26"", ""Date"": ""Sep 16"", ""Opponent"": ""Cleveland Guardians"", ""HR"": 0, ""Days Ago"": 13, ""Tooltip"": ""Sep 16 vs Cleveland Guardians \u2014 0 HR""}, {""Game"": ""@DT\n9/17/26"", ""Date"": ""Sep 17"", ""Opponent"": ""Detroit Tigers"", ""HR"": 0, ""Days Ago"": 12, ""Tooltip"": ""Sep 17 vs Detroit Tigers \u2014 0 HR""}, {""Game"": ""@DT\n9/18/26"", ""Date"": ""Sep 18"", ""Opponent"": ""Detroit Tigers"", ""HR"": 1, ""Days Ago"": 11, ""Tooltip"": ""Sep 18 vs Detroit Tigers \u2014 1 HR""}, {""Game"": ""@DT\n9/19/26"", ""Date"": ""Sep 19"", ""Opponent"": ""Detroit Tigers"", ""HR"": 1, ""Days Ago"": 10, ""Tooltip"": ""Sep 19 vs Detroit Tigers \u2014 1 HR""}, {""Game"": ""@DT\n9/20/26"", ""Date"": ""Sep 20"", ""Opponent"": ""Detroit Tigers"", ""HR"": 0, ""Days Ago"": 9, ""Tooltip"": ""Sep 20 vs Detroit Tigers \u2014 0 HR""}, {""Game"": ""@CR\n9/22/26"", ""Date"": ""Sep 22"", ""Opponent"": ""Kansas City Royals"", ""HR"": 0, ""Days Ago"": 7, ""Tooltip"": ""Sep 22 vs Kansas City Royals \u2014 0 HR""}, {""Game"": ""@CR\n9/23/26"", ""Date"": ""Sep 23"", ""Opponent"": ""Kansas City Royals"", ""HR"": 0, ""Days Ago"": 6, ""Tooltip"": ""Sep 23 vs Kansas City Royals \u2014 0 HR""}, {""Game"": ""@CR\n9/24/26"", ""Date"": ""Sep 24"", ""Opponent"": ""Kansas City Royals"", ""HR"": 0, ""Days Ago"": 5, ""Tooltip"": ""Sep 24 vs Kansas City Royals \u2014 0 HR""}, {""Game"": ""@CR\n9/25/26"", ""Date"": ""Sep 25"", ""Opponent"": ""Colorado Rockies"", ""HR"": 0, ""Days Ago"": 4, ""Tooltip"": ""Sep 25 vs Colorado Rockies \u2014 0 HR""}, {""Game"": ""@CR\n9/26/26"", ""Date"": ""Sep 26"", ""Opponent"": ""Colorado Rockies"", ""HR"": 0, ""Days Ago"": 3, ""Tooltip"": ""Sep 26 vs Colorado Rockies \u2014 0 HR""}]",0.224,0.474,51.2,1.1,Proxy,Pitch mix pending,Real Statcast barrel rate is elite; Hard-hit profile supports HR upside; Exit velocity supports power; Elite power profile,86.0,Daikin Park,Neutral,70.0,Neutral,Neutral,70.0,Wind In Drag,64.0,-6,186.0,9.8,72.1,77.0,77.8,MED,Power score 97.0; Proxy power data; barrel rate 22; hard-hit 62; EV 97; projected lineup spot 2; pitcher HR/9 1.1; Neutral; Neutral; Wind In Drag; Real Statcast barrel rate is elite; Hard-hit profile supports HR upside; Exit velocity supports power; Elite power profile; recent HR log: Sep 19 vs Detroit Tigers: 1 HR (10 days ago) | Sep 18 vs Detroit Tigers: 1 HR (11 days ago) | Sep 14 vs Cleveland Guardians: 1 HR (15 days ago) | Sep 04 vs Minnesota Twins: 1 HR (25 days ago) | Aug 21 vs New York Mets: 1 HR (39 days ago); Split unknown.,Home runs are low-frequency events; lineup is projected not confirmed; pitcher hand is Unknown; weather direction is 186.0; full pitch-by-pitch mix is still pending until dedicated pitch feed is connected.,HR confidence 77.8/100. Real HR probability estimate 8.11%. Power score 97.0; Proxy power data; barrel rate 22; hard-hit 62; EV 97; projected lineup spot 2; pitcher HR/9 1.1; Neutral; Neutral; Wind In Drag; Real Statcast barrel rate is elite; Hard-hit profile supports HR upside; Exit velocity supports power; Elite power profile; recent HR log: Sep 19 vs Detroit Tigers: 1 HR (10 days ago) | Sep 18 vs Detroit Tigers: 1 HR (11 days ago) | Sep 14 vs Cleveland Guardians: 1 HR (15 days ago) | Sep 04 vs Minnesota Twins: 1 HR (25 days ago) | Aug 21 vs New York Mets: 1 HR (39 days ago); Split unknown. Risk note: Home runs are low-frequency events; lineup is projected not confirmed; pitcher hand is Unknown; weather direction is 186.0; full pitch-by-pitch mix is still pending until dedicated pitch feed is connected.
2026-09-29,TOMORROW,"Sep 29, 2026",10:00 PM ET,Tuesday,2026-09-30T02:00:00Z,Chicago Cubs @ San Diego Padres,Seiya Suzuki,Chicago Cubs,RF,673548,Home Runs,0.5,Michael King,Michael King,R,R,4,Projected,Active,Projected,Pitcher-friendly park • pull-side RH power,Wind drag,Power 30%: 97.0 | Pitcher 20%: 66.2 | Weather 15%: 69.0 | Park 15%: 62.5 | Recent HR 10%: 89.9 | Lineup 10%: 88 | Pitch Matchup: 84.0,N/A,N/A,Odds feed not connected,No,8.26,8.26,8.26,81.9,98.6,6.07,22.0,62.0,54.8,97.0,17.7,N/A,Proxy,Sep 24 vs Miami Marlins: 1 HR (5 days ago) | Sep 20 vs Cincinnati Reds: 1 HR (9 days ago) | Aug 31 vs Milwaukee Brewers: 1 HR (29 days ago) | Aug 29 vs Cincinnati Reds: 1 HR (31 days ago) | Aug 17 vs Chicago White Sox: 1 HR (43 days ago),5,5,"[{""Game"": ""@AB\n9/15/26"", ""Date"": ""Sep 15"", ""Opponent"": ""Atlanta Braves"", ""HR"": 0, ""Days Ago"": 14, ""Tooltip"": ""Sep 15 vs Atlanta Braves \u2014 0 HR""}, {""Game"": ""@AB\n9/16/26"", ""Date"": ""Sep 16"", ""Opponent"": ""Atlanta Braves"", ""HR"": 0, ""Days Ago"": 13, ""Tooltip"": ""Sep 16 vs Atlanta Braves \u2014 0 HR""}, {""Game"": ""@CR\n9/18/26"", ""Date"": ""Sep 18"", ""Opponent"": ""Cincinnati Reds"", ""HR"": 0, ""Days Ago"": 11, ""Tooltip"": ""Sep 18 vs Cincinnati Reds \u2014 0 HR""}, {""Game"": ""@CR\n9/19/26"", ""Date"": ""Sep 19"", ""Opponent"": ""Cincinnati Reds"", ""HR"": 0, ""Days Ago"": 10, ""Tooltip"": ""Sep 19 vs Cincinnati Reds \u2014 0 HR""}, {""Game"": ""@CR\n9/20/26"", ""Date"": ""Sep 20"", ""Opponent"": ""Cincinnati Reds"", ""HR"": 1, ""Days Ago"": 9, ""Tooltip"": ""Sep 20 vs Cincinnati Reds \u2014 1 HR""}, {""Game"": ""@MM\n9/22/26"", ""Date"": ""Sep 22"", ""Opponent"": ""Miami Marlins"", ""HR"": 0, ""Days Ago"": 7, ""Tooltip"": ""Sep 22 vs Miami Marlins \u2014 0 HR""}, {""Game"": ""@MM\n9/23/26"", ""Date"": ""Sep 23"", ""Opponent"": ""Miami Marlins"", ""HR"": 0, ""Days Ago"": 6, ""Tooltip"": ""Sep 23 vs Miami Marlins \u2014 0 HR""}, {""Game"": ""@MM\n9/24/26"", ""Date"": ""Sep 24"", ""Opponent"": ""Miami Marlins"", ""HR"": 1, ""Days Ago"": 5, ""Tooltip"": ""Sep 24 vs Miami Marlins \u2014 1 HR""}, {""Game"": ""@RS\n9/25/26"", ""Date"": ""Sep 25"", ""Opponent"": ""Boston Red Sox"", ""HR"": 0, ""Days Ago"": 4, ""Tooltip"": ""Sep 25 vs Boston Red Sox \u2014 0 HR""}, {""Game"": ""@RS\n9/25/26"", ""Date"": ""Sep 25"", ""Opponent"": ""Boston Red Sox"", ""HR"": 0, ""Days Ago"": 4, ""Tooltip"": ""Sep 25 vs Boston Red Sox \u2014 0 HR""}]",0.203,0.473,51.2,0.97,Proxy,Pitch mix pending,Same-side matchup; Real Statcast barrel rate is elite; Hard-hit profile supports HR upside; Exit velocity supports power; Elite power profile,84.0,Petco Park,Pitcher Friendly,62.5,Neutral,Neutral,69.0,Light Wind In,67.0,-3,198.0,5.5,71.3,70.0,77.1,MED,Power score 97.0; Proxy power data; barrel rate 22; hard-hit 62; EV 97; projected lineup spot 4; pitcher HR/9 0.97; Pitcher Friendly; Neutral; Light Wind In; Same-side matchup; Real Statcast barrel rate is elite; Hard-hit profile supports HR upside; Exit velocity supports power; Elite power profile; recent HR log: Sep 24 vs Miami Marlins: 1 HR (5 days ago) | Sep 20 vs Cincinnati Reds: 1 HR (9 days ago) | Aug 31 vs Milwaukee Brewers: 1 HR (29 days ago) | Aug 29 vs Cincinnati Reds: 1 HR (31 days ago) | Aug 17 vs Chicago White Sox: 1 HR (43 days ago); Same-side split check.,Home runs are low-frequency events; lineup is projected not confirmed; pitcher hand is R; weather direction is 198.0; full pitch-by-pitch mix is still pending until dedicated pitch feed is connected.,HR confidence 77.1/100. Real HR probability estimate 8.26%. Power score 97.0; Proxy power data; barrel rate 22; hard-hit 62; EV 97; projected lineup spot 4; pitcher HR/9 0.97; Pitcher Friendly; Neutral; Light Wind In; Same-side matchup; Real Statcast barrel rate is elite; Hard-hit profile supports HR upside; Exit velocity supports power; Elite power profile; recent HR log: Sep 24 vs Miami Marlins: 1 HR (5 days ago) | Sep 20 vs Cincinnati Reds: 1 HR (9 days ago) | Aug 31 vs Milwaukee Brewers: 1 HR (29 days ago) | Aug 29 vs Cincinnati Reds: 1 HR (31 days ago) | Aug 17 vs Chicago White Sox: 1 HR (43 days ago); Same-side split check. Risk note: Home runs are low-frequency events; lineup is projected not confirmed; pitcher hand is R; weather direction is 198.0; full pitch-by-pitch mix is still pending until dedicated pitch feed is connected.
2026-09-29,TOMORROW,"Sep 29, 2026",10:00 PM ET,Tuesday,2026-09-30T02:00:00Z,Chicago Cubs @ San Diego Padres,Ty France,San Diego Padres,1B,664034,Home Runs,0.5,Projected Starter,Projected Starter,Unknown,R,3,Projected,Active,Projected,Pitcher-friendly park • pull-side RH power,Wind drag,Power 30%: 97.0 | Pitcher 20%: 70 | Weather 15%: 69.0 | Park 15%: 62.5 | Recent HR 10%: 90 | Lineup 10%: 88 | Pitch Matchup: 86.0,N/A,N/A,Odds feed not connected,No,7.97,7.97,7.97,80.7,98.5,5.43,22.0,62.0,54.8,97.0,17.7,N/A,Proxy,Sep 18 vs Miami Marlins: 1 HR (11 days ago) | Sep 02 vs Cincinnati Reds: 1 HR (27 days ago) | Aug 29 vs Tampa Bay Rays: 1 HR (31 days ago) | Aug 21 vs Minnesota Twins: 1 HR (39 days ago) | Aug 10 vs Milwaukee Brewers: 1 HR (50 days ago),5,11,"[{""Game"": ""@CR\n9/17/26"", ""Date"": ""Sep 17"", ""Opponent"": ""Colorado Rockies"", ""HR"": 0, ""Days Ago"": 12, ""Tooltip"": ""Sep 17 vs Colorado Rockies \u2014 0 HR""}, {""Game"": ""@MM\n9/18/26"", ""Date"": ""Sep 18"", ""Opponent"": ""Miami Marlins"", ""HR"": 1, ""Days Ago"": 11, ""Tooltip"": ""Sep 18 vs Miami Marlins \u2014 1 HR""}, {""Game"": ""@MM\n9/19/26"", ""Date"": ""Sep 19"", ""Opponent"": ""Miami Marlins"", ""HR"": 0, ""Days Ago"": 10, ""Tooltip"": ""Sep 19 vs Miami Marlins \u2014 0 HR""}, {""Game"": ""@MM\n9/20/26"", ""Date"": ""Sep 20"", ""Opponent"": ""Miami Marlins"", ""HR"": 0, ""Days Ago"": 9, ""Tooltip"": ""Sep 20 vs Miami Marlins \u2014 0 HR""}, {""Game"": ""@AD\n9/22/26"", ""Date"": ""Sep 22"", ""Opponent"": ""Los Angeles Dodgers"", ""HR"": 0, ""Days Ago"": 7, ""Tooltip"": ""Sep 22 vs Los Angeles Dodgers \u2014 0 HR""}, {""Game"": ""@AD\n9/23/26"", ""Date"": ""Sep 23"", ""Opponent"": ""Los Angeles Dodgers"", ""HR"": 0, ""Days Ago"": 6, ""Tooltip"": ""Sep 23 vs Los Angeles Dodgers \u2014 0 HR""}, {""Game"": ""@AD\n9/24/26"", ""Date"": ""Sep 24"", ""Opponent"": ""Los Angeles Dodgers"", ""HR"": 0, ""Days Ago"": 5, ""Tooltip"": ""Sep 24 vs Los Angeles Dodgers \u2014 0 HR""}, {""Game"": ""@AD\n9/25/26"", ""Date"": ""Sep 25"", ""Opponent"": ""Arizona Diamondbacks"", ""HR"": 0, ""Days Ago"": 4, ""Tooltip"": ""Sep 25 vs Arizona Diamondbacks \u2014 0 HR""}, {""Game"": ""@AD\n9/26/26"", ""Date"": ""Sep 26"", ""Opponent"": ""Arizona Diamondbacks"", ""HR"": 0, ""Days Ago"": 3, ""Tooltip"": ""Sep 26 vs Arizona Diamondbacks \u2014 0 HR""}, {""Game"": ""@AD\n9/27/26"", ""Date"": ""Sep 27"", ""Opponent"": ""Arizona Diamondbacks"", ""HR"": 0, ""Days Ago"": 2, ""Tooltip"": ""Sep 27 vs Arizona Diamondbacks \u2014 0 HR""}]",0.207,0.502,51.2,1.1,Proxy,Pitch mix pending,Real Statcast barrel rate is elite; Hard-hit profile supports HR upside; Exit velocity supports power; Elite power profile,86.0,Petco Park,Pitcher Friendly,62.5,Neutral,Neutral,69.0,Light Wind In,67.0,-3,198.0,5.5,71.3,70.0,77.3,MED,Power score 97.0; Proxy power data; barrel rate 22; hard-hit 62; EV 97; projected lineup spot 3; pitcher HR/9 1.1; Pitcher Friendly; Neutral; Light Wind In; Real Statcast barrel rate is elite; Hard-hit profile supports HR upside; Exit velocity supports power; Elite power profile; recent HR log: Sep 18 vs Miami Marlins: 1 HR (11 days ago) | Sep 02 vs Cincinnati Reds: 1 HR (27 days ago) | Aug 29 vs Tampa Bay Rays: 1 HR (31 days ago) | Aug 21 vs Minnesota Twins: 1 HR (39 days ago) | Aug 10 vs Milwaukee Brewers: 1 HR (50 days ago); Split unknown.,Home runs are low-frequency events; lineup is projected not confirmed; pitcher hand is Unknown; weather direction is 198.0; full pitch-by-pitch mix is still pending until dedicated pitch feed is connected.,HR confidence 77.3/100. Real HR probability estimate 7.97%. Power score 97.0; Proxy power data; barrel rate 22; hard-hit 62; EV 97; projected lineup spot 3; pitcher HR/9 1.1; Pitcher Friendly; Neutral; Light Wind In; Real Statcast barrel rate is elite; Hard-hit profile supports HR upside; Exit velocity supports power; Elite power profile; recent HR log: Sep 18 vs Miami Marlins: 1 HR (11 days ago) | Sep 02 vs Cincinnati Reds: 1 HR (27 days ago) | Aug 29 vs Tampa Bay Rays: 1 HR (31 days ago) | Aug 21 vs Minnesota Twins: 1 HR (39 days ago) | Aug 10 vs Milwaukee Brewers: 1 HR (50 days ago); Split unknown. Risk note: Home runs are low-frequency events; lineup is projected not confirmed; pitcher hand is Unknown; weather direction is 198.0; full pitch-by-pitch mix is still pending until dedicated pitch feed is connected.
2026-09-29,TOMORROW,"Sep 29, 2026",2:00 PM ET,Tuesday,2026-09-29T18:00:00Z,Philadelphia Phillies @ Atlanta Braves,Bryce Harper,Philadelphia Phillies,1B,547180,Home Runs,0.5,Chris Sale,Chris Sale,L,L,2,Projected,Active,Projected,Slight HR park • pull-side LH power,Pitcher suppresses HR,Power 30%: 99 | Pitcher 20%: 52.9 | Weather 15%: 70.0 | Park 15%: 75.0 | Recent HR 10%: 90 | Lineup 10%: 88 | Pitch Matchup: 79.0,N/A,N/A,Odds feed not connected,No,8.62,8.62,8.62,83.4,98.1,6.86,22.0,62.0,55.6,97.0,17.9,N/A,Proxy,Sep 27 vs Tampa Bay Rays: 1 HR (2 days ago) | Sep 12 vs Atlanta Braves: 1 HR (17 days ago) | Aug 26 vs Seattle Mariners: 1 HR (34 days ago) | Aug 22 vs St. Louis Cardinals: 1 HR (38 days ago) | Aug 08 vs Toronto Blue Jays: 1 HR (52 days ago),5,2,"[{""Game"": ""@YM\n9/17/26"", ""Date"": ""Sep 17"", ""Opponent"": ""New York Mets"", ""HR"": 0, ""Days Ago"": 12, ""Tooltip"": ""Sep 17 vs New York Mets \u2014 0 HR""}, {""Game"": ""@YM\n9/18/26"", ""Date"": ""Sep 18"", ""Opponent"": ""New York Mets"", ""HR"": 0, ""Days Ago"": 11, ""Tooltip"": ""Sep 18 vs New York Mets \u2014 0 HR""}, {""Game"": ""@YM\n9/19/26"", ""Date"": ""Sep 19"", ""Opponent"": ""New York Mets"", ""HR"": 0, ""Days Ago"": 10, ""Tooltip"": ""Sep 19 vs New York Mets \u2014 0 HR""}, {""Game"": ""@YM\n9/20/26"", ""Date"": ""Sep 20"", ""Opponent"": ""New York Mets"", ""HR"": 0, ""Days Ago"": 9, ""Tooltip"": ""Sep 20 vs New York Mets \u2014 0 HR""}, {""Game"": ""@MB\n9/22/26"", ""Date"": ""Sep 22"", ""Opponent"": ""Milwaukee Brewers"", ""HR"": 0, ""Days Ago"": 7, ""Tooltip"": ""Sep 22 vs Milwaukee Brewers \u2014 0 HR""}, {""Game"": ""@MB\n9/23/26"", ""Date"": ""Sep 23"", ""Opponent"": ""Milwaukee Brewers"", ""HR"": 0, ""Days Ago"": 6, ""Tooltip"": ""Sep 23 vs Milwaukee Brewers \u2014 0 HR""}, {""Game"": ""@MB\n9/24/26"", ""Date"": ""Sep 24"", ""Opponent"": ""Milwaukee Brewers"", ""HR"": 0, ""Days Ago"": 5, ""Tooltip"": ""Sep 24 vs Milwaukee Brewers \u2014 0 HR""}, {""Game"": ""@BR\n9/25/26"", ""Date"": ""Sep 25"", ""Opponent"": ""Tampa Bay Rays"", ""HR"": 0, ""Days Ago"": 4, ""Tooltip"": ""Sep 25 vs Tampa Bay Rays \u2014 0 HR""}, {""Game"": ""@BR\n9/26/26"", ""Date"": ""Sep 26"", ""Opponent"": ""Tampa Bay Rays"", ""HR"": 0, ""Days Ago"": 3, ""Tooltip"": ""Sep 26 vs Tampa Bay Rays \u2014 0 HR""}, {""Game"": ""@BR\n9/27/26"", ""Date"": ""Sep 27"", ""Opponent"": ""Tampa Bay Rays"", ""HR"": 1, ""Days Ago"": 2, ""Tooltip"": ""Sep 27 vs Tampa Bay Rays \u2014 1 HR""}]",0.216,0.485,51.7,0.55,Proxy,Pitch mix pending,Same-side matchup; Pitcher suppresses HRs; Real Statcast barrel rate is elite; Hard-hit profile supports HR upside; Exit velocity supports power; Elite power profile,79.0,Truist Park,Slight Boost,75.0,Neutral,Neutral,70.0,Neutral Wind,70.0,0,116.0,4.2,69.7,40.0,76.9,MED,Power score 99; Proxy power data; barrel rate 22; hard-hit 62; EV 97; projected lineup spot 2; pitcher HR/9 0.55; Slight Boost; Neutral; Neutral Wind; Same-side matchup; Pitcher suppresses HRs; Real Statcast barrel rate is elite; Hard-hit profile supports HR upside; Exit velocity supports power; Elite power profile; recent HR log: Sep 27 vs Tampa Bay Rays: 1 HR (2 days ago) | Sep 12 vs Atlanta Braves: 1 HR (17 days ago) | Aug 26 vs Seattle Mariners: 1 HR (34 days ago) | Aug 22 vs St. Louis Cardinals: 1 HR (38 days ago) | Aug 08 vs Toronto Blue Jays: 1 HR (52 days ago); Same-side split check.,Home runs are low-frequency events; lineup is projected not confirmed; pitcher hand is L; weather direction is 116.0; full pitch-by-pitch mix is still pending until dedicated pitch feed is connected.,HR confidence 76.9/100. Real HR probability estimate 8.62%. Power score 99; Proxy power data; barrel rate 22; hard-hit 62; EV 97; projected lineup spot 2; pitcher HR/9 0.55; Slight Boost; Neutral; Neutral Wind; Same-side matchup; Pitcher suppresses HRs; Real Statcast barrel rate is elite; Hard-hit profile supports HR upside; Exit velocity supports power; Elite power profile; recent HR log: Sep 27 vs Tampa Bay Rays: 1 HR (2 days ago) | Sep 12 vs Atlanta Braves: 1 HR (17 days ago) | Aug 26 vs Seattle Mariners: 1 HR (34 days ago) | Aug 22 vs St. Louis Cardinals: 1 HR (38 days ago) | Aug 08 vs Toronto Blue Jays: 1 HR (52 days ago); Same-side split check. Risk note: Home runs are low-frequency events; lineup is projected not confirmed; pitcher hand is L; weather direction is 116.0; full pitch-by-pitch mix is still pending until dedicated pitch feed is connected.
2026-09-29,TOMORROW,"Sep 29, 2026",8:00 PM ET,Tuesday,2026-09-30T00:00:00Z,Boston Red Sox @ New York Yankees,Paul Goldschmidt,New York Yankees,1B,502671,Home Runs,0.5,Payton Tolle,Payton Tolle,L,R,4,Projected,Active,Projected,Strong HR park • pull-side RH power,No major red flags,Power 30%: 89.3 | Pitcher 20%: 63.3 | Weather 15%: 72.0 | Park 15%: 85.0 | Recent HR 10%: 90 | Lineup 10%: 88 | Pitch Matchup: 91.0,N/A,N/A,Odds feed not connected,No,8.26,8.26,8.26,81.9,97.8,6.07,19.6,62.0,51.7,95.9,16.9,N/A,Proxy,Aug 30 vs Boston Red Sox: 1 HR (30 days ago) | Aug 28 vs Boston Red Sox: 1 HR (32 days ago) | Jul 24 vs Philadelphia Phillies: 1 HR (67 days ago) | Jul 11 vs Washington Nationals: 1 HR (80 days ago) | Jun 24 vs Detroit Tigers: 2 HR (97 days ago),6,30,"[{""Game"": ""@DP\n9/4/26"", ""Date"": ""Sep 04"", ""Opponent"": ""San Diego Padres"", ""HR"": 0, ""Days Ago"": 25, ""Tooltip"": ""Sep 04 vs San Diego Padres \u2014 0 HR""}, {""Game"": ""@DP\n9/5/26"", ""Date"": ""Sep 05"", ""Opponent"": ""San Diego Padres"", ""HR"": 0, ""Days Ago"": 24, ""Tooltip"": ""Sep 05 vs San Diego Padres \u2014 0 HR""}, {""Game"": ""@DP\n9/6/26"", ""Date"": ""Sep 06"", ""Opponent"": ""San Diego Padres"", ""HR"": 0, ""Days Ago"": 23, ""Tooltip"": ""Sep 06 vs San Diego Padres \u2014 0 HR""}, {""Game"": ""@YM\n9/11/26"", ""Date"": ""Sep 11"", ""Opponent"": ""New York Mets"", ""HR"": 0, ""Days Ago"": 18, ""Tooltip"": ""Sep 11 vs New York Mets \u2014 0 HR""}, {""Game"": ""@YM\n9/12/26"", ""Date"": ""Sep 12"", ""Opponent"": ""New York Mets"", ""HR"": 0, ""Days Ago"": 17, ""Tooltip"": ""Sep 12 vs New York Mets \u2014 0 HR""}, {""Game"": ""@MT\n9/16/26"", ""Date"": ""Sep 16"", ""Opponent"": ""Minnesota Twins"", ""HR"": 0, ""Days Ago"": 13, ""Tooltip"": ""Sep 16 vs Minnesota Twins \u2014 0 HR""}, {""Game"": ""@AD\n9/18/26"", ""Date"": ""Sep 18"", ""Opponent"": ""Arizona Diamondbacks"", ""HR"": 0, ""Days Ago"": 11, ""Tooltip"": ""Sep 18 vs Arizona Diamondbacks \u2014 0 HR""}, {""Game"": ""@BR\n9/22/26"", ""Date"": ""Sep 22"", ""Opponent"": ""Tampa Bay Rays"", ""HR"": 0, ""Days Ago"": 7, ""Tooltip"": ""Sep 22 vs Tampa Bay Rays \u2014 0 HR""}, {""Game"": ""@BR\n9/24/26"", ""Date"": ""Sep 24"", ""Opponent"": ""Tampa Bay Rays"", ""HR"": 0, ""Days Ago"": 5, ""Tooltip"": ""Sep 24 vs Tampa Bay Rays \u2014 0 HR""}, {""Game"": ""@BO\n9/25/26"", ""Date"": ""Sep 25"", ""Opponent"": ""Baltimore Orioles"", ""HR"": 0, ""Days Ago"": 4, ""Tooltip"": ""Sep 25 vs Baltimore Orioles \u2014 0 HR""}]",0.2,0.452,49.0,0.91,Proxy,Pitch mix pending,RHB platoon look vs LHP; Real Statcast barrel rate is elite; Hard-hit profile supports HR upside; Exit velocity supports power; Elite power profile,91.0,Yankee Stadium,HR Boost,85.0,Neutral,Neutral,72.0,Neutral Wind,70.0,0,270.0,3.1,61.0,91.0,77.1,MED,Power score 89.3; Proxy power data; barrel rate 19.6; hard-hit 62; EV 95.9; projected lineup spot 4; pitcher HR/9 0.91; HR Boost; Neutral; Neutral Wind; RHB platoon look vs LHP; Real Statcast barrel rate is elite; Hard-hit profile supports HR upside; Exit velocity supports power; Elite power profile; recent HR log: Aug 30 vs Boston Red Sox: 1 HR (30 days ago) | Aug 28 vs Boston Red Sox: 1 HR (32 days ago) | Jul 24 vs Philadelphia Phillies: 1 HR (67 days ago) | Jul 11 vs Washington Nationals: 1 HR (80 days ago) | Jun 24 vs Detroit Tigers: 2 HR (97 days ago); RHB vs LHP advantage check.,Home runs are low-frequency events; lineup is projected not confirmed; pitcher hand is L; weather direction is 270.0; full pitch-by-pitch mix is still pending until dedicated pitch feed is connected.,HR confidence 77.1/100. Real HR probability estimate 8.26%. Power score 89.3; Proxy power data; barrel rate 19.6; hard-hit 62; EV 95.9; projected lineup spot 4; pitcher HR/9 0.91; HR Boost; Neutral; Neutral Wind; RHB platoon look vs LHP; Real Statcast barrel rate is elite; Hard-hit profile supports HR upside; Exit velocity supports power; Elite power profile; recent HR log: Aug 30 vs Boston Red Sox: 1 HR (30 days ago) | Aug 28 vs Boston Red Sox: 1 HR (32 days ago) | Jul 24 vs Philadelphia Phillies: 1 HR (67 days ago) | Jul 11 vs Washington Nationals: 1 HR (80 days ago) | Jun 24 vs Detroit Tigers: 2 HR (97 days ago); RHB vs LHP advantage check. Risk note: Home runs are low-frequency events; lineup is projected not confirmed; pitcher hand is L; weather direction is 270.0; full pitch-by-pitch mix is still pending until dedicated pitch feed is connected.
2026-09-29,TOMORROW,"Sep 29, 2026",8:00 PM ET,Tuesday,2026-09-30T00:00:00Z,Boston Red Sox @ New York Yankees,Wilyer Abreu,Boston Red Sox,RF,677800,Home Runs,0.5,Cam Schlittler,Cam Schlittler,R,L,3,Projected,Active,Projected,Strong HR park • pull-side LH power,Pitcher suppresses HR,Power 30%: 92.5 | Pitcher 20%: 53.8 | Weather 15%: 72.0 | Park 15%: 85.0 | Recent HR 10%: 85.0 | Lineup 10%: 88 | Pitch Matchup: 86.0,N/A,N/A,Odds feed not connected,No,8.35,8.35,8.35,82.3,96.7,6.27,20.6,62.0,53.0,96.5,17.2,N/A,Proxy,Sep 09 vs Los Angeles Angels: 1 HR (20 days ago) | Aug 29 vs New York Yankees: 1 HR (31 days ago) | Aug 15 vs Pittsburgh Pirates: 1 HR (45 days ago) | Aug 11 vs Toronto Blue Jays: 1 HR (49 days ago) | Aug 05 vs Chicago White Sox: 1 HR (55 days ago),5,20,"[{""Game"": ""@TR\n9/16/26"", ""Date"": ""Sep 16"", ""Opponent"": ""Texas Rangers"", ""HR"": 0, ""Days Ago"": 13, ""Tooltip"": ""Sep 16 vs Texas Rangers \u2014 0 HR""}, {""Game"": ""@TR\n9/17/26"", ""Date"": ""Sep 17"", ""Opponent"": ""Texas Rangers"", ""HR"": 0, ""Days Ago"": 12, ""Tooltip"": ""Sep 17 vs Texas Rangers \u2014 0 HR""}, {""Game"": ""@BR\n9/18/26"", ""Date"": ""Sep 18"", ""Opponent"": ""Tampa Bay Rays"", ""HR"": 0, ""Days Ago"": 11, ""Tooltip"": ""Sep 18 vs Tampa Bay Rays \u2014 0 HR""}, {""Game"": ""@BR\n9/19/26"", ""Date"": ""Sep 19"", ""Opponent"": ""Tampa Bay Rays"", ""HR"": 0, ""Days Ago"": 10, ""Tooltip"": ""Sep 19 vs Tampa Bay Rays \u2014 0 HR""}, {""Game"": ""@CG\n9/22/26"", ""Date"": ""Sep 22"", ""Opponent"": ""Cleveland Guardians"", ""HR"": 0, ""Days Ago"": 7, ""Tooltip"": ""Sep 22 vs Cleveland Guardians \u2014 0 HR""}, {""Game"": ""@CG\n9/23/26"", ""Date"": ""Sep 23"", ""Opponent"": ""Cleveland Guardians"", ""HR"": 0, ""Days Ago"": 6, ""Tooltip"": ""Sep 23 vs Cleveland Guardians \u2014 0 HR""}, {""Game"": ""@CG\n9/24/26"", ""Date"": ""Sep 24"", ""Opponent"": ""Cleveland Guardians"", ""HR"": 0, ""Days Ago"": 5, ""Tooltip"": ""Sep 24 vs Cleveland Guardians \u2014 0 HR""}, {""Game"": ""@CC\n9/25/26"", ""Date"": ""Sep 25"", ""Opponent"": ""Chicago Cubs"", ""HR"": 0, ""Days Ago"": 4, ""Tooltip"": ""Sep 25 vs Chicago Cubs \u2014 0 HR""}, {""Game"": ""@CC\n9/25/26"", ""Date"": ""Sep 25"", ""Opponent"": ""Chicago Cubs"", ""HR"": 0, ""Days Ago"": 4, ""Tooltip"": ""Sep 25 vs Chicago Cubs \u2014 0 HR""}, {""Game"": ""@CC\n9/27/26"", ""Date"": ""Sep 27"", ""Opponent"": ""Chicago Cubs"", ""HR"": 0, ""Days Ago"": 2, ""Tooltip"": ""Sep 27 vs Chicago Cubs \u2014 0 HR""}]",0.198,0.446,49.9,0.75,Proxy,Pitch mix pending,LHB platoon look vs RHP; Pitcher suppresses HRs; Real Statcast barrel rate is elite; Hard-hit profile supports HR upside; Exit velocity supports power; Elite power profile,86.0,Yankee Stadium,HR Boost,85.0,Neutral,Neutral,72.0,Neutral Wind,70.0,0,270.0,3.1,61.0,91.0,76.4,MED,Power score 92.5; Proxy power data; barrel rate 20.6; hard-hit 62; EV 96.5; projected lineup spot 3; pitcher HR/9 0.75; HR Boost; Neutral; Neutral Wind; LHB platoon look vs RHP; Pitcher suppresses HRs; Real Statcast barrel rate is elite; Hard-hit profile supports HR upside; Exit velocity supports power; Elite power profile; recent HR log: Sep 09 vs Los Angeles Angels: 1 HR (20 days ago) | Aug 29 vs New York Yankees: 1 HR (31 days ago) | Aug 15 vs Pittsburgh Pirates: 1 HR (45 days ago) | Aug 11 vs Toronto Blue Jays: 1 HR (49 days ago) | Aug 05 vs Chicago White Sox: 1 HR (55 days ago); LHB vs RHP advantage check.,Home runs are low-frequency events; lineup is projected not confirmed; pitcher hand is R; weather direction is 270.0; full pitch-by-pitch mix is still pending until dedicated pitch feed is connected.,HR confidence 76.4/100. Real HR probability estimate 8.35%. Power score 92.5; Proxy power data; barrel rate 20.6; hard-hit 62; EV 96.5; projected lineup spot 3; pitcher HR/9 0.75; HR Boost; Neutral; Neutral Wind; LHB platoon look vs RHP; Pitcher suppresses HRs; Real Statcast barrel rate is elite; Hard-hit profile supports HR upside; Exit velocity supports power; Elite power profile; recent HR log: Sep 09 vs Los Angeles Angels: 1 HR (20 days ago) | Aug 29 vs New York Yankees: 1 HR (31 days ago) | Aug 15 vs Pittsburgh Pirates: 1 HR (45 days ago) | Aug 11 vs Toronto Blue Jays: 1 HR (49 days ago) | Aug 05 vs Chicago White Sox: 1 HR (55 days ago); LHB vs RHP advantage check. Risk note: Home runs are low-frequency events; lineup is projected not confirmed; pitcher hand is R; weather direction is 270.0; full pitch-by-pitch mix is still pending until dedicated pitch feed is connected.
2026-09-29,TOMORROW,"Sep 29, 2026",2:00 PM ET,Tuesday,2026-09-29T18:00:00Z,Philadelphia Phillies @ Atlanta Braves,Ronald Acuña Jr.,Atlanta Braves,RF,660670,Home Runs,0.5,Projected Starter,Projected Starter,Unknown,R,5,Projected,Active,Projected,Slight HR park • pull-side RH power,Volatile profile,Power 30%: 91.2 | Pitcher 20%: 70 | Weather 15%: 70.0 | Park 15%: 75.0 | Recent HR 10%: 90 | Lineup 10%: 76 | Pitch Matchup: 86.0,N/A,N/A,Odds feed not connected,No,7.7,7.7,7.7,79.6,96.2,4.84,20.2,62.0,52.5,96.2,17.1,N/A,Proxy,Sep 19 vs Houston Astros: 1 HR (10 days ago) | Sep 18 vs Houston Astros: 1 HR (11 days ago) | Sep 15 vs Chicago Cubs: 1 HR (14 days ago) | Sep 12 vs Philadelphia Phillies: 1 HR (17 days ago) | Sep 06 vs Philadelphia Phillies: 1 HR (23 days ago),5,10,"[{""Game"": ""@CC\n9/14/26"", ""Date"": ""Sep 14"", ""Opponent"": ""Chicago Cubs"", ""HR"": 0, ""Days Ago"": 15, ""Tooltip"": ""Sep 14 vs Chicago Cubs \u2014 0 HR""}, {""Game"": ""@CC\n9/15/26"", ""Date"": ""Sep 15"", ""Opponent"": ""Chicago Cubs"", ""HR"": 1, ""Days Ago"": 14, ""Tooltip"": ""Sep 15 vs Chicago Cubs \u2014 1 HR""}, {""Game"": ""@CC\n9/16/26"", ""Date"": ""Sep 16"", ""Opponent"": ""Chicago Cubs"", ""HR"": 0, ""Days Ago"": 13, ""Tooltip"": ""Sep 16 vs Chicago Cubs \u2014 0 HR""}, {""Game"": ""@HA\n9/18/26"", ""Date"": ""Sep 18"", ""Opponent"": ""Houston Astros"", ""HR"": 1, ""Days Ago"": 11, ""Tooltip"": ""Sep 18 vs Houston Astros \u2014 1 HR""}, {""Game"": ""@HA\n9/19/26"", ""Date"": ""Sep 19"", ""Opponent"": ""Houston Astros"", ""HR"": 1, ""Days Ago"": 10, ""Tooltip"": ""Sep 19 vs Houston Astros \u2014 1 HR""}, {""Game"": ""@HA\n9/20/26"", ""Date"": ""Sep 20"", ""Opponent"": ""Houston Astros"", ""HR"": 0, ""Days Ago"": 9, ""Tooltip"": ""Sep 20 vs Houston Astros \u2014 0 HR""}, {""Game"": ""@CR\n9/22/26"", ""Date"": ""Sep 22"", ""Opponent"": ""Cincinnati Reds"", ""HR"": 0, ""Days Ago"": 7, ""Tooltip"": ""Sep 22 vs Cincinnati Reds \u2014 0 HR""}, {""Game"": ""@CR\n9/24/26"", ""Date"": ""Sep 24"", ""Opponent"": ""Cincinnati Reds"", ""HR"": 0, ""Days Ago"": 5, ""Tooltip"": ""Sep 24 vs Cincinnati Reds \u2014 0 HR""}, {""Game"": ""@MM\n9/25/26"", ""Date"": ""Sep 25"", ""Opponent"": ""Miami Marlins"", ""HR"": 0, ""Days Ago"": 4, ""Tooltip"": ""Sep 25 vs Miami Marlins \u2014 0 HR""}, {""Game"": ""@MM\n9/26/26"", ""Date"": ""Sep 26"", ""Opponent"": ""Miami Marlins"", ""HR"": 0, ""Days Ago"": 3, ""Tooltip"": ""Sep 26 vs Miami Marlins \u2014 0 HR""}]",0.196,0.451,49.5,1.1,Proxy,Pitch mix pending,Real Statcast barrel rate is elite; Hard-hit profile supports HR upside; Exit velocity supports power; Elite power profile,86.0,Truist Park,Slight Boost,75.0,Neutral,Neutral,70.0,Neutral Wind,70.0,0,116.0,4.2,69.7,40.0,75.8,HIGH,Power score 91.2; Proxy power data; barrel rate 20.2; hard-hit 62; EV 96.2; projected lineup spot 5; pitcher HR/9 1.1; Slight Boost; Neutral; Neutral Wind; Real Statcast barrel rate is elite; Hard-hit profile supports HR upside; Exit velocity supports power; Elite power profile; recent HR log: Sep 19 vs Houston Astros: 1 HR (10 days ago) | Sep 18 vs Houston Astros: 1 HR (11 days ago) | Sep 15 vs Chicago Cubs: 1 HR (14 days ago) | Sep 12 vs Philadelphia Phillies: 1 HR (17 days ago) | Sep 06 vs Philadelphia Phillies: 1 HR (23 days ago); Split unknown.,Home runs are low-frequency events; lineup is projected not confirmed; pitcher hand is Unknown; weather direction is 116.0; full pitch-by-pitch mix is still pending until dedicated pitch feed is connected.,HR confidence 75.8/100. Real HR probability estimate 7.7%. Power score 91.2; Proxy power data; barrel rate 20.2; hard-hit 62; EV 96.2; projected lineup spot 5; pitcher HR/9 1.1; Slight Boost; Neutral; Neutral Wind; Real Statcast barrel rate is elite; Hard-hit profile supports HR upside; Exit velocity supports power; Elite power profile; recent HR log: Sep 19 vs Houston Astros: 1 HR (10 days ago) | Sep 18 vs Houston Astros: 1 HR (11 days ago) | Sep 15 vs Chicago Cubs: 1 HR (14 days ago) | Sep 12 vs Philadelphia Phillies: 1 HR (17 days ago) | Sep 06 vs Philadelphia Phillies: 1 HR (23 days ago); Split unknown. Risk note: Home runs are low-frequency events; lineup is projected not confirmed; pitcher hand is Unknown; weather direction is 116.0; full pitch-by-pitch mix is still pending until dedicated pitch feed is connected.
2026-09-29,TOMORROW,"Sep 29, 2026",10:00 PM ET,Tuesday,2026-09-30T02:00:00Z,Chicago Cubs @ San Diego Padres,Manny Machado,San Diego Padres,3B,592518,Home Runs,0.5,Projected Starter,Projected Starter,Unknown,R,5,Projected,Active,Projected,Pitcher-friendly park • pull-side RH power,Wind drag | Volatile profile,Power 30%: 87.6 | Pitcher 20%: 70 | Weather 15%: 69.0 | Park 15%: 62.5 | Recent HR 10%: 90 | Lineup 10%: 76 | Pitch Matchup: 86.0,N/A,N/A,Odds feed not connected,No,8.09,8.09,8.09,81.2,95.9,5.7,19.0,62.0,51.1,95.5,16.8,N/A,Proxy,Sep 26 vs Arizona Diamondbacks: 1 HR (3 days ago) | Sep 23 vs Los Angeles Dodgers: 1 HR (6 days ago) | Sep 14 vs Colorado Rockies: 1 HR (15 days ago) | Sep 13 vs San Francisco Giants: 1 HR (16 days ago) | Sep 06 vs New York Yankees: 1 HR (23 days ago),5,3,"[{""Game"": ""@CR\n9/17/26"", ""Date"": ""Sep 17"", ""Opponent"": ""Colorado Rockies"", ""HR"": 0, ""Days Ago"": 12, ""Tooltip"": ""Sep 17 vs Colorado Rockies \u2014 0 HR""}, {""Game"": ""@MM\n9/18/26"", ""Date"": ""Sep 18"", ""Opponent"": ""Miami Marlins"", ""HR"": 0, ""Days Ago"": 11, ""Tooltip"": ""Sep 18 vs Miami Marlins \u2014 0 HR""}, {""Game"": ""@MM\n9/19/26"", ""Date"": ""Sep 19"", ""Opponent"": ""Miami Marlins"", ""HR"": 0, ""Days Ago"": 10, ""Tooltip"": ""Sep 19 vs Miami Marlins \u2014 0 HR""}, {""Game"": ""@MM\n9/20/26"", ""Date"": ""Sep 20"", ""Opponent"": ""Miami Marlins"", ""HR"": 0, ""Days Ago"": 9, ""Tooltip"": ""Sep 20 vs Miami Marlins \u2014 0 HR""}, {""Game"": ""@AD\n9/22/26"", ""Date"": ""Sep 22"", ""Opponent"": ""Los Angeles Dodgers"", ""HR"": 0, ""Days Ago"": 7, ""Tooltip"": ""Sep 22 vs Los Angeles Dodgers \u2014 0 HR""}, {""Game"": ""@AD\n9/23/26"", ""Date"": ""Sep 23"", ""Opponent"": ""Los Angeles Dodgers"", ""HR"": 1, ""Days Ago"": 6, ""Tooltip"": ""Sep 23 vs Los Angeles Dodgers \u2014 1 HR""}, {""Game"": ""@AD\n9/24/26"", ""Date"": ""Sep 24"", ""Opponent"": ""Los Angeles Dodgers"", ""HR"": 0, ""Days Ago"": 5, ""Tooltip"": ""Sep 24 vs Los Angeles Dodgers \u2014 0 HR""}, {""Game"": ""@AD\n9/25/26"", ""Date"": ""Sep 25"", ""Opponent"": ""Arizona Diamondbacks"", ""HR"": 0, ""Days Ago"": 4, ""Tooltip"": ""Sep 25 vs Arizona Diamondbacks \u2014 0 HR""}, {""Game"": ""@AD\n9/26/26"", ""Date"": ""Sep 26"", ""Opponent"": ""Arizona Diamondbacks"", ""HR"": 1, ""Days Ago"": 3, ""Tooltip"": ""Sep 26 vs Arizona Diamondbacks \u2014 1 HR""}, {""Game"": ""@AD\n9/27/26"", ""Date"": ""Sep 27"", ""Opponent"": ""Arizona Diamondbacks"", ""HR"": 0, ""Days Ago"": 2, ""Tooltip"": ""Sep 27 vs Arizona Diamondbacks \u2014 0 HR""}]",0.19,0.407,48.5,1.1,Proxy,Pitch mix pending,Real Statcast barrel rate is elite; Hard-hit profile supports HR upside; Exit velocity supports power; Elite power profile,86.0,Petco Park,Pitcher Friendly,62.5,Neutral,Neutral,69.0,Light Wind In,67.0,-3,198.0,5.5,71.3,70.0,74.5,HIGH,Power score 87.6; Proxy power data; barrel rate 19.0; hard-hit 62; EV 95.5; projected lineup spot 5; pitcher HR/9 1.1; Pitcher Friendly; Neutral; Light Wind In; Real Statcast barrel rate is elite; Hard-hit profile supports HR upside; Exit velocity supports power; Elite power profile; recent HR log: Sep 26 vs Arizona Diamondbacks: 1 HR (3 days ago) | Sep 23 vs Los Angeles Dodgers: 1 HR (6 days ago) | Sep 14 vs Colorado Rockies: 1 HR (15 days ago) | Sep 13 vs San Francisco Giants: 1 HR (16 days ago) | Sep 06 vs New York Yankees: 1 HR (23 days ago); Split unknown.,Home runs are low-frequency events; lineup is projected not confirmed; pitcher hand is Unknown; weather direction is 198.0; full pitch-by-pitch mix is still pending until dedicated pitch feed is connected.,HR confidence 74.5/100. Real HR probability estimate 8.09%. Power score 87.6; Proxy power data; barrel rate 19.0; hard-hit 62; EV 95.5; projected lineup spot 5; pitcher HR/9 1.1; Pitcher Friendly; Neutral; Light Wind In; Real Statcast barrel rate is elite; Hard-hit profile supports HR upside; Exit velocity supports power; Elite power profile; recent HR log: Sep 26 vs Arizona Diamondbacks: 1 HR (3 days ago) | Sep 23 vs Los Angeles Dodgers: 1 HR (6 days ago) | Sep 14 vs Colorado Rockies: 1 HR (15 days ago) | Sep 13 vs San Francisco Giants: 1 HR (16 days ago) | Sep 06 vs New York Yankees: 1 HR (23 days ago); Split unknown. Risk note: Home runs are low-frequency events; lineup is projected not confirmed; pitcher hand is Unknown; weather direction is 198.0; full pitch-by-pitch mix is still pending until dedicated pitch feed is connected.
2026-09-29,TOMORROW,"Sep 29, 2026",8:00 PM ET,Tuesday,2026-09-30T00:00:00Z,Boston Red Sox @ New York Yankees,Willson Contreras,Boston Red Sox,1B,575929,Home Runs,0.5,Cam Schlittler,Cam Schlittler,R,R,2,Projected,Active,Projected,Strong HR park • pull-side RH power,Pitcher suppresses HR,Power 30%: 97.0 | Pitcher 20%: 53.8 | Weather 15%: 72.0 | Park 15%: 85.0 | Recent HR 10%: 90 | Lineup 10%: 88 | Pitch Matchup: 79.0,N/A,N/A,Odds feed not connected,No,7.87,7.87,7.87,80.3,95.3,5.21,22.0,62.0,54.8,97.0,17.7,N/A,Proxy,Sep 16 vs Texas Rangers: 1 HR (13 days ago) | Aug 21 vs San Francisco Giants: 1 HR (39 days ago) | Aug 17 vs Arizona Diamondbacks: 1 HR (43 days ago) | Aug 12 vs Toronto Blue Jays: 1 HR (48 days ago) | Jul 30 vs Athletics: 1 HR (61 days ago),5,13,"[{""Game"": ""@MM\n8/25/26"", ""Date"": ""Aug 25"", ""Opponent"": ""Miami Marlins"", ""HR"": 0, ""Days Ago"": 35, ""Tooltip"": ""Aug 25 vs Miami Marlins \u2014 0 HR""}, {""Game"": ""@YY\n8/28/26"", ""Date"": ""Aug 28"", ""Opponent"": ""New York Yankees"", ""HR"": 0, ""Days Ago"": 32, ""Tooltip"": ""Aug 28 vs New York Yankees \u2014 0 HR""}, {""Game"": ""@YY\n8/29/26"", ""Date"": ""Aug 29"", ""Opponent"": ""New York Yankees"", ""HR"": 0, ""Days Ago"": 31, ""Tooltip"": ""Aug 29 vs New York Yankees \u2014 0 HR""}, {""Game"": ""@YY\n8/29/26"", ""Date"": ""Aug 29"", ""Opponent"": ""New York Yankees"", ""HR"": 0, ""Days Ago"": 31, ""Tooltip"": ""Aug 29 vs New York Yankees \u2014 0 HR""}, {""Game"": ""@YY\n8/30/26"", ""Date"": ""Aug 30"", ""Opponent"": ""New York Yankees"", ""HR"": 0, ""Days Ago"": 30, ""Tooltip"": ""Aug 30 vs New York Yankees \u2014 0 HR""}, {""Game"": ""@CR\n9/13/26"", ""Date"": ""Sep 13"", ""Opponent"": ""Kansas City Royals"", ""HR"": 0, ""Days Ago"": 16, ""Tooltip"": ""Sep 13 vs Kansas City Royals \u2014 0 HR""}, {""Game"": ""@TR\n9/15/26"", ""Date"": ""Sep 15"", ""Opponent"": ""Texas Rangers"", ""HR"": 0, ""Days Ago"": 14, ""Tooltip"": ""Sep 15 vs Texas Rangers \u2014 0 HR""}, {""Game"": ""@TR\n9/16/26"", ""Date"": ""Sep 16"", ""Opponent"": ""Texas Rangers"", ""HR"": 1, ""Days Ago"": 13, ""Tooltip"": ""Sep 16 vs Texas Rangers \u2014 1 HR""}, {""Game"": ""@TR\n9/17/26"", ""Date"": ""Sep 17"", ""Opponent"": ""Texas Rangers"", ""HR"": 0, ""Days Ago"": 12, ""Tooltip"": ""Sep 17 vs Texas Rangers \u2014 0 HR""}, {""Game"": ""@CC\n9/27/26"", ""Date"": ""Sep 27"", ""Opponent"": ""Chicago Cubs"", ""HR"": 0, ""Days Ago"": 2, ""Tooltip"": ""Sep 27 vs Chicago Cubs \u2014 0 HR""}]",0.241,0.516,51.2,0.75,Proxy,Pitch mix pending,Same-side matchup; Pitcher suppresses HRs; Real Statcast barrel rate is elite; Hard-hit profile supports HR upside; Exit velocity supports power; Elite power profile,79.0,Yankee Stadium,HR Boost,85.0,Neutral,Neutral,72.0,Neutral Wind,70.0,0,270.0,3.1,61.0,91.0,76.2,MED,Power score 97.0; Proxy power data; barrel rate 22; hard-hit 62; EV 97; projected lineup spot 2; pitcher HR/9 0.75; HR Boost; Neutral; Neutral Wind; Same-side matchup; Pitcher suppresses HRs; Real Statcast barrel rate is elite; Hard-hit profile supports HR upside; Exit velocity supports power; Elite power profile; recent HR log: Sep 16 vs Texas Rangers: 1 HR (13 days ago) | Aug 21 vs San Francisco Giants: 1 HR (39 days ago) | Aug 17 vs Arizona Diamondbacks: 1 HR (43 days ago) | Aug 12 vs Toronto Blue Jays: 1 HR (48 days ago) | Jul 30 vs Athletics: 1 HR (61 days ago); Same-side split check.,Home runs are low-frequency events; lineup is projected not confirmed; pitcher hand is R; weather direction is 270.0; full pitch-by-pitch mix is still pending until dedicated pitch feed is connected.,HR confidence 76.2/100. Real HR probability estimate 7.87%. Power score 97.0; Proxy power data; barrel rate 22; hard-hit 62; EV 97; projected lineup spot 2; pitcher HR/9 0.75; HR Boost; Neutral; Neutral Wind; Same-side matchup; Pitcher suppresses HRs; Real Statcast barrel rate is elite; Hard-hit profile supports HR upside; Exit velocity supports power; Elite power profile; recent HR log: Sep 16 vs Texas Rangers: 1 HR (13 days ago) | Aug 21 vs San Francisco Giants: 1 HR (39 days ago) | Aug 17 vs Arizona Diamondbacks: 1 HR (43 days ago) | Aug 12 vs Toronto Blue Jays: 1 HR (48 days ago) | Jul 30 vs Athletics: 1 HR (61 days ago); Same-side split check. Risk note: Home runs are low-frequency events; lineup is projected not confirmed; pitcher hand is R; weather direction is 270.0; full pitch-by-pitch mix is still pending until dedicated pitch feed is connected.
2026-09-29,TOMORROW,"Sep 29, 2026",10:00 PM ET,Tuesday,2026-09-30T02:00:00Z,Chicago Cubs @ San Diego Padres,Jackson Merrill,San Diego Padres,CF,701538,Home Runs,0.5,Projected Starter,Projected Starter,Unknown,L,4,Projected,Active,Projected,Pitcher-friendly park • pull-side LH power,Wind drag | Volatile profile,Power 30%: 89.9 | Pitcher 20%: 70 | Weather 15%: 69.0 | Park 15%: 62.5 | Recent HR 10%: 88.3 | Lineup 10%: 88 | Pitch Matchup: 86.0,N/A,N/A,Odds feed not connected,No,7.51,7.51,7.51,78.8,94.9,4.42,19.8,62.0,51.9,96.0,17.0,N/A,Proxy,Sep 18 vs Miami Marlins: 1 HR (11 days ago) | Sep 12 vs San Francisco Giants: 1 HR (17 days ago) | Sep 09 vs Washington Nationals: 2 HR (20 days ago) | Aug 28 vs Tampa Bay Rays: 1 HR (32 days ago) | Aug 23 vs Minnesota Twins: 1 HR (37 days ago),6,11,"[{""Game"": ""@CR\n9/16/26"", ""Date"": ""Sep 16"", ""Opponent"": ""Colorado Rockies"", ""HR"": 0, ""Days Ago"": 13, ""Tooltip"": ""Sep 16 vs Colorado Rockies \u2014 0 HR""}, {""Game"": ""@CR\n9/17/26"", ""Date"": ""Sep 17"", ""Opponent"": ""Colorado Rockies"", ""HR"": 0, ""Days Ago"": 12, ""Tooltip"": ""Sep 17 vs Colorado Rockies \u2014 0 HR""}, {""Game"": ""@MM\n9/18/26"", ""Date"": ""Sep 18"", ""Opponent"": ""Miami Marlins"", ""HR"": 1, ""Days Ago"": 11, ""Tooltip"": ""Sep 18 vs Miami Marlins \u2014 1 HR""}, {""Game"": ""@MM\n9/19/26"", ""Date"": ""Sep 19"", ""Opponent"": ""Miami Marlins"", ""HR"": 0, ""Days Ago"": 10, ""Tooltip"": ""Sep 19 vs Miami Marlins \u2014 0 HR""}, {""Game"": ""@MM\n9/20/26"", ""Date"": ""Sep 20"", ""Opponent"": ""Miami Marlins"", ""HR"": 0, ""Days Ago"": 9, ""Tooltip"": ""Sep 20 vs Miami Marlins \u2014 0 HR""}, {""Game"": ""@AD\n9/22/26"", ""Date"": ""Sep 22"", ""Opponent"": ""Los Angeles Dodgers"", ""HR"": 0, ""Days Ago"": 7, ""Tooltip"": ""Sep 22 vs Los Angeles Dodgers \u2014 0 HR""}, {""Game"": ""@AD\n9/23/26"", ""Date"": ""Sep 23"", ""Opponent"": ""Los Angeles Dodgers"", ""HR"": 0, ""Days Ago"": 6, ""Tooltip"": ""Sep 23 vs Los Angeles Dodgers \u2014 0 HR""}, {""Game"": ""@AD\n9/24/26"", ""Date"": ""Sep 24"", ""Opponent"": ""Los Angeles Dodgers"", ""HR"": 0, ""Days Ago"": 5, ""Tooltip"": ""Sep 24 vs Los Angeles Dodgers \u2014 0 HR""}, {""Game"": ""@AD\n9/25/26"", ""Date"": ""Sep 25"", ""Opponent"": ""Arizona Diamondbacks"", ""HR"": 0, ""Days Ago"": 4, ""Tooltip"": ""Sep 25 vs Arizona Diamondbacks \u2014 0 HR""}, {""Game"": ""@AD\n9/26/26"", ""Date"": ""Sep 26"", ""Opponent"": ""Arizona Diamondbacks"", ""HR"": 0, ""Days Ago"": 3, ""Tooltip"": ""Sep 26 vs Arizona Diamondbacks \u2014 0 HR""}]",0.186,0.44,49.2,1.1,Proxy,Pitch mix pending,Real Statcast barrel rate is elite; Hard-hit profile supports HR upside; Exit velocity supports power; Elite power profile,86.0,Petco Park,Pitcher Friendly,62.5,Neutral,Neutral,69.0,Light Wind In,67.0,-3,198.0,5.5,71.3,70.0,75.1,HIGH,Power score 89.9; Proxy power data; barrel rate 19.8; hard-hit 62; EV 96.0; projected lineup spot 4; pitcher HR/9 1.1; Pitcher Friendly; Neutral; Light Wind In; Real Statcast barrel rate is elite; Hard-hit profile supports HR upside; Exit velocity supports power; Elite power profile; recent HR log: Sep 18 vs Miami Marlins: 1 HR (11 days ago) | Sep 12 vs San Francisco Giants: 1 HR (17 days ago) | Sep 09 vs Washington Nationals: 2 HR (20 days ago) | Aug 28 vs Tampa Bay Rays: 1 HR (32 days ago) | Aug 23 vs Minnesota Twins: 1 HR (37 days ago); Split unknown.,Home runs are low-frequency events; lineup is projected not confirmed; pitcher hand is Unknown; weather direction is 198.0; full pitch-by-pitch mix is still pending until dedicated pitch feed is connected.,HR confidence 75.1/100. Real HR probability estimate 7.51%. Power score 89.9; Proxy power data; barrel rate 19.8; hard-hit 62; EV 96.0; projected lineup spot 4; pitcher HR/9 1.1; Pitcher Friendly; Neutral; Light Wind In; Real Statcast barrel rate is elite; Hard-hit profile supports HR upside; Exit velocity supports power; Elite power profile; recent HR log: Sep 18 vs Miami Marlins: 1 HR (11 days ago) | Sep 12 vs San Francisco Giants: 1 HR (17 days ago) | Sep 09 vs Washington Nationals: 2 HR (20 days ago) | Aug 28 vs Tampa Bay Rays: 1 HR (32 days ago) | Aug 23 vs Minnesota Twins: 1 HR (37 days ago); Split unknown. Risk note: Home runs are low-frequency events; lineup is projected not confirmed; pitcher hand is Unknown; weather direction is 198.0; full pitch-by-pitch mix is still pending until dedicated pitch feed is connected.
2026-09-29,TOMORROW,"Sep 29, 2026",2:00 PM ET,Tuesday,2026-09-29T18:00:00Z,Philadelphia Phillies @ Atlanta Braves,Kyle Schwarber,Philadelphia Phillies,DH,656941,Home Runs,0.5,Chris Sale,Chris Sale,L,L,3,Projected,Active,Projected,Slight HR park • pull-side LH power,Pitcher suppresses HR | Volatile profile,Power 30%: 99 | Pitcher 20%: 52.9 | Weather 15%: 70.0 | Park 15%: 75.0 | Recent HR 10%: 90 | Lineup 10%: 88 | Pitch Matchup: 79.0,N/A,N/A,Odds feed not connected,No,7.66,7.66,7.66,79.4,94.6,4.75,22.0,62.0,55.6,97.0,17.9,N/A,Proxy,Sep 15 vs Washington Nationals: 1 HR (14 days ago) | Sep 09 vs Houston Astros: 1 HR (20 days ago) | Sep 07 vs Atlanta Braves: 1 HR (22 days ago) | Sep 06 vs Atlanta Braves: 1 HR (23 days ago) | Sep 05 vs Atlanta Braves: 1 HR (24 days ago),5,14,"[{""Game"": ""@YM\n9/17/26"", ""Date"": ""Sep 17"", ""Opponent"": ""New York Mets"", ""HR"": 0, ""Days Ago"": 12, ""Tooltip"": ""Sep 17 vs New York Mets \u2014 0 HR""}, {""Game"": ""@YM\n9/18/26"", ""Date"": ""Sep 18"", ""Opponent"": ""New York Mets"", ""HR"": 0, ""Days Ago"": 11, ""Tooltip"": ""Sep 18 vs New York Mets \u2014 0 HR""}, {""Game"": ""@YM\n9/19/26"", ""Date"": ""Sep 19"", ""Opponent"": ""New York Mets"", ""HR"": 0, ""Days Ago"": 10, ""Tooltip"": ""Sep 19 vs New York Mets \u2014 0 HR""}, {""Game"": ""@YM\n9/20/26"", ""Date"": ""Sep 20"", ""Opponent"": ""New York Mets"", ""HR"": 0, ""Days Ago"": 9, ""Tooltip"": ""Sep 20 vs New York Mets \u2014 0 HR""}, {""Game"": ""@MB\n9/22/26"", ""Date"": ""Sep 22"", ""Opponent"": ""Milwaukee Brewers"", ""HR"": 0, ""Days Ago"": 7, ""Tooltip"": ""Sep 22 vs Milwaukee Brewers \u2014 0 HR""}, {""Game"": ""@MB\n9/23/26"", ""Date"": ""Sep 23"", ""Opponent"": ""Milwaukee Brewers"", ""HR"": 0, ""Days Ago"": 6, ""Tooltip"": ""Sep 23 vs Milwaukee Brewers \u2014 0 HR""}, {""Game"": ""@MB\n9/24/26"", ""Date"": ""Sep 24"", ""Opponent"": ""Milwaukee Brewers"", ""HR"": 0, ""Days Ago"": 5, ""Tooltip"": ""Sep 24 vs Milwaukee Brewers \u2014 0 HR""}, {""Game"": ""@BR\n9/25/26"", ""Date"": ""Sep 25"", ""Opponent"": ""Tampa Bay Rays"", ""HR"": 0, ""Days Ago"": 4, ""Tooltip"": ""Sep 25 vs Tampa Bay Rays \u2014 0 HR""}, {""Game"": ""@BR\n9/26/26"", ""Date"": ""Sep 26"", ""Opponent"": ""Tampa Bay Rays"", ""HR"": 0, ""Days Ago"": 3, ""Tooltip"": ""Sep 26 vs Tampa Bay Rays \u2014 0 HR""}, {""Game"": ""@BR\n9/27/26"", ""Date"": ""Sep 27"", ""Opponent"": ""Tampa Bay Rays"", ""HR"": 0, ""Days Ago"": 2, ""Tooltip"": ""Sep 27 vs Tampa Bay Rays \u2014 0 HR""}]",0.271,0.503,51.7,0.55,Proxy,Pitch mix pending,Same-side matchup; Pitcher suppresses HRs; Real Statcast barrel rate is elite; Hard-hit profile supports HR upside; Exit velocity supports power; Elite power profile,79.0,Truist Park,Slight Boost,75.0,Neutral,Neutral,70.0,Neutral Wind,70.0,0,116.0,4.2,69.7,40.0,75.5,HIGH,Power score 99; Proxy power data; barrel rate 22; hard-hit 62; EV 97; projected lineup spot 3; pitcher HR/9 0.55; Slight Boost; Neutral; Neutral Wind; Same-side matchup; Pitcher suppresses HRs; Real Statcast barrel rate is elite; Hard-hit profile supports HR upside; Exit velocity supports power; Elite power profile; recent HR log: Sep 15 vs Washington Nationals: 1 HR (14 days ago) | Sep 09 vs Houston Astros: 1 HR (20 days ago) | Sep 07 vs Atlanta Braves: 1 HR (22 days ago) | Sep 06 vs Atlanta Braves: 1 HR (23 days ago) | Sep 05 vs Atlanta Braves: 1 HR (24 days ago); Same-side split check.,Home runs are low-frequency events; lineup is projected not confirmed; pitcher hand is L; weather direction is 116.0; full pitch-by-pitch mix is still pending until dedicated pitch feed is connected.,HR confidence 75.5/100. Real HR probability estimate 7.66%. Power score 99; Proxy power data; barrel rate 22; hard-hit 62; EV 97; projected lineup spot 3; pitcher HR/9 0.55; Slight Boost; Neutral; Neutral Wind; Same-side matchup; Pitcher suppresses HRs; Real Statcast barrel rate is elite; Hard-hit profile supports HR upside; Exit velocity supports power; Elite power profile; recent HR log: Sep 15 vs Washington Nationals: 1 HR (14 days ago) | Sep 09 vs Houston Astros: 1 HR (20 days ago) | Sep 07 vs Atlanta Braves: 1 HR (22 days ago) | Sep 06 vs Atlanta Braves: 1 HR (23 days ago) | Sep 05 vs Atlanta Braves: 1 HR (24 days ago); Same-side split check. Risk note: Home runs are low-frequency events; lineup is projected not confirmed; pitcher hand is L; weather direction is 116.0; full pitch-by-pitch mix is still pending until dedicated pitch feed is connected.
2026-09-29,TOMORROW,"Sep 29, 2026",5:00 PM ET,Tuesday,2026-09-29T21:00:00Z,Chicago White Sox @ Houston Astros,Colson Montgomery,Chicago White Sox,SS,695657,Home Runs,0.5,Projected Starter,Projected Starter,Unknown,L,5,Projected,Active,Projected,Neutral HR park • pull-side LH power,Wind drag | Volatile profile,Power 30%: 89.2 | Pitcher 20%: 70 | Weather 15%: 70.0 | Park 15%: 70.0 | Recent HR 10%: 90 | Lineup 10%: 76 | Pitch Matchup: 86.0,N/A,N/A,Odds feed not connected,No,6.89,6.89,6.89,76.2,91.9,3.06,19.5,62.0,51.7,95.8,16.9,N/A,Proxy,Sep 05 vs Minnesota Twins: 1 HR (24 days ago) | Sep 04 vs Minnesota Twins: 1 HR (25 days ago) | Aug 31 vs Houston Astros: 1 HR (29 days ago) | Aug 28 vs Minnesota Twins: 1 HR (32 days ago) | Aug 21 vs New York Mets: 1 HR (39 days ago),5,24,"[{""Game"": ""@CG\n9/16/26"", ""Date"": ""Sep 16"", ""Opponent"": ""Cleveland Guardians"", ""HR"": 0, ""Days Ago"": 13, ""Tooltip"": ""Sep 16 vs Cleveland Guardians \u2014 0 HR""}, {""Game"": ""@DT\n9/18/26"", ""Date"": ""Sep 18"", ""Opponent"": ""Detroit Tigers"", ""HR"": 0, ""Days Ago"": 11, ""Tooltip"": ""Sep 18 vs Detroit Tigers \u2014 0 HR""}, {""Game"": ""@DT\n9/19/26"", ""Date"": ""Sep 19"", ""Opponent"": ""Detroit Tigers"", ""HR"": 0, ""Days Ago"": 10, ""Tooltip"": ""Sep 19 vs Detroit Tigers \u2014 0 HR""}, {""Game"": ""@DT\n9/20/26"", ""Date"": ""Sep 20"", ""Opponent"": ""Detroit Tigers"", ""HR"": 0, ""Days Ago"": 9, ""Tooltip"": ""Sep 20 vs Detroit Tigers \u2014 0 HR""}, {""Game"": ""@CR\n9/22/26"", ""Date"": ""Sep 22"", ""Opponent"": ""Kansas City Royals"", ""HR"": 0, ""Days Ago"": 7, ""Tooltip"": ""Sep 22 vs Kansas City Royals \u2014 0 HR""}, {""Game"": ""@CR\n9/23/26"", ""Date"": ""Sep 23"", ""Opponent"": ""Kansas City Royals"", ""HR"": 0, ""Days Ago"": 6, ""Tooltip"": ""Sep 23 vs Kansas City Royals \u2014 0 HR""}, {""Game"": ""@CR\n9/24/26"", ""Date"": ""Sep 24"", ""Opponent"": ""Kansas City Royals"", ""HR"": 0, ""Days Ago"": 5, ""Tooltip"": ""Sep 24 vs Kansas City Royals \u2014 0 HR""}, {""Game"": ""@CR\n9/25/26"", ""Date"": ""Sep 25"", ""Opponent"": ""Colorado Rockies"", ""HR"": 0, ""Days Ago"": 4, ""Tooltip"": ""Sep 25 vs Colorado Rockies \u2014 0 HR""}, {""Game"": ""@CR\n9/26/26"", ""Date"": ""Sep 26"", ""Opponent"": ""Colorado Rockies"", ""HR"": 0, ""Days Ago"": 3, ""Tooltip"": ""Sep 26 vs Colorado Rockies \u2014 0 HR""}, {""Game"": ""@CR\n9/27/26"", ""Date"": ""Sep 27"", ""Opponent"": ""Colorado Rockies"", ""HR"": 0, ""Days Ago"": 2, ""Tooltip"": ""Sep 27 vs Colorado Rockies \u2014 0 HR""}]",0.206,0.403,49.0,1.1,Proxy,Pitch mix pending,Real Statcast barrel rate is elite; Hard-hit profile supports HR upside; Exit velocity supports power; Elite power profile,86.0,Daikin Park,Neutral,70.0,Neutral,Neutral,70.0,Wind In Drag,64.0,-6,186.0,9.8,72.1,77.0,73.5,HIGH,Power score 89.2; Proxy power data; barrel rate 19.5; hard-hit 62; EV 95.8; projected lineup spot 5; pitcher HR/9 1.1; Neutral; Neutral; Wind In Drag; Real Statcast barrel rate is elite; Hard-hit profile supports HR upside; Exit velocity supports power; Elite power profile; recent HR log: Sep 05 vs Minnesota Twins: 1 HR (24 days ago) | Sep 04 vs Minnesota Twins: 1 HR (25 days ago) | Aug 31 vs Houston Astros: 1 HR (29 days ago) | Aug 28 vs Minnesota Twins: 1 HR (32 days ago) | Aug 21 vs New York Mets: 1 HR (39 days ago); Split unknown.,Home runs are low-frequency events; lineup is projected not confirmed; pitcher hand is Unknown; weather direction is 186.0; full pitch-by-pitch mix is still pending until dedicated pitch feed is connected.,HR confidence 73.5/100. Real HR probability estimate 6.89%. Power score 89.2; Proxy power data; barrel rate 19.5; hard-hit 62; EV 95.8; projected lineup spot 5; pitcher HR/9 1.1; Neutral; Neutral; Wind In Drag; Real Statcast barrel rate is elite; Hard-hit profile supports HR upside; Exit velocity supports power; Elite power profile; recent HR log: Sep 05 vs Minnesota Twins: 1 HR (24 days ago) | Sep 04 vs Minnesota Twins: 1 HR (25 days ago) | Aug 31 vs Houston Astros: 1 HR (29 days ago) | Aug 28 vs Minnesota Twins: 1 HR (32 days ago) | Aug 21 vs New York Mets: 1 HR (39 days ago); Split unknown. Risk note: Home runs are low-frequency events; lineup is projected not confirmed; pitcher hand is Unknown; weather direction is 186.0; full pitch-by-pitch mix is still pending until dedicated pitch feed is connected.
2026-09-29,TOMORROW,"Sep 29, 2026",2:00 PM ET,Tuesday,2026-09-29T18:00:00Z,Philadelphia Phillies @ Atlanta Braves,Derek Hill,Philadelphia Phillies,CF,656537,Home Runs,0.5,Chris Sale,Chris Sale,L,R,4,Projected,Active,Projected,Slight HR park • pull-side RH power,Pitcher suppresses HR | Volatile profile,Power 30%: 82.2 | Pitcher 20%: 52.9 | Weather 15%: 70.0 | Park 15%: 75.0 | Recent HR 10%: 90 | Lineup 10%: 88 | Pitch Matchup: 86.0,N/A,N/A,Odds feed not connected,No,7.54,7.54,7.54,78.9,90.5,4.49,17.3,59.1,48.9,94.4,16.2,N/A,Proxy,Sep 18 vs New York Mets: 1 HR (11 days ago) | Sep 06 vs Atlanta Braves: 1 HR (23 days ago) | Aug 03 vs Washington Nationals: 1 HR (57 days ago) | Jul 20 vs Los Angeles Dodgers: 1 HR (71 days ago) | Jul 10 vs Detroit Tigers: 1 HR (81 days ago),5,11,"[{""Game"": ""@AB\n9/11/26"", ""Date"": ""Sep 11"", ""Opponent"": ""Atlanta Braves"", ""HR"": 0, ""Days Ago"": 18, ""Tooltip"": ""Sep 11 vs Atlanta Braves \u2014 0 HR""}, {""Game"": ""@AB\n9/13/26"", ""Date"": ""Sep 13"", ""Opponent"": ""Atlanta Braves"", ""HR"": 0, ""Days Ago"": 16, ""Tooltip"": ""Sep 13 vs Atlanta Braves \u2014 0 HR""}, {""Game"": ""@WN\n9/15/26"", ""Date"": ""Sep 15"", ""Opponent"": ""Washington Nationals"", ""HR"": 0, ""Days Ago"": 14, ""Tooltip"": ""Sep 15 vs Washington Nationals \u2014 0 HR""}, {""Game"": ""@YM\n9/17/26"", ""Date"": ""Sep 17"", ""Opponent"": ""New York Mets"", ""HR"": 0, ""Days Ago"": 12, ""Tooltip"": ""Sep 17 vs New York Mets \u2014 0 HR""}, {""Game"": ""@YM\n9/18/26"", ""Date"": ""Sep 18"", ""Opponent"": ""New York Mets"", ""HR"": 1, ""Days Ago"": 11, ""Tooltip"": ""Sep 18 vs New York Mets \u2014 1 HR""}, {""Game"": ""@YM\n9/20/26"", ""Date"": ""Sep 20"", ""Opponent"": ""New York Mets"", ""HR"": 0, ""Days Ago"": 9, ""Tooltip"": ""Sep 20 vs New York Mets \u2014 0 HR""}, {""Game"": ""@MB\n9/22/26"", ""Date"": ""Sep 22"", ""Opponent"": ""Milwaukee Brewers"", ""HR"": 0, ""Days Ago"": 7, ""Tooltip"": ""Sep 22 vs Milwaukee Brewers \u2014 0 HR""}, {""Game"": ""@MB\n9/23/26"", ""Date"": ""Sep 23"", ""Opponent"": ""Milwaukee Brewers"", ""HR"": 0, ""Days Ago"": 6, ""Tooltip"": ""Sep 23 vs Milwaukee Brewers \u2014 0 HR""}, {""Game"": ""@MB\n9/24/26"", ""Date"": ""Sep 24"", ""Opponent"": ""Milwaukee Brewers"", ""HR"": 0, ""Days Ago"": 5, ""Tooltip"": ""Sep 24 vs Milwaukee Brewers \u2014 0 HR""}, {""Game"": ""@BR\n9/27/26"", ""Date"": ""Sep 27"", ""Opponent"": ""Tampa Bay Rays"", ""HR"": 0, ""Days Ago"": 2, ""Tooltip"": ""Sep 27 vs Tampa Bay Rays \u2014 0 HR""}]",0.201,0.442,47.0,0.55,Proxy,Pitch mix pending,RHB platoon look vs LHP; Pitcher suppresses HRs; Real Statcast barrel rate is elite; Hard-hit profile supports HR upside; Exit velocity supports power; Elite power profile,86.0,Truist Park,Slight Boost,75.0,Neutral,Neutral,70.0,Neutral Wind,70.0,0,116.0,4.2,69.7,40.0,72.2,HIGH,Power score 82.2; Proxy power data; barrel rate 17.3; hard-hit 59.1; EV 94.4; projected lineup spot 4; pitcher HR/9 0.55; Slight Boost; Neutral; Neutral Wind; RHB platoon look vs LHP; Pitcher suppresses HRs; Real Statcast barrel rate is elite; Hard-hit profile supports HR upside; Exit velocity supports power; Elite power profile; recent HR log: Sep 18 vs New York Mets: 1 HR (11 days ago) | Sep 06 vs Atlanta Braves: 1 HR (23 days ago) | Aug 03 vs Washington Nationals: 1 HR (57 days ago) | Jul 20 vs Los Angeles Dodgers: 1 HR (71 days ago) | Jul 10 vs Detroit Tigers: 1 HR (81 days ago); RHB vs LHP advantage check.,Home runs are low-frequency events; lineup is projected not confirmed; pitcher hand is L; weather direction is 116.0; full pitch-by-pitch mix is still pending until dedicated pitch feed is connected.,HR confidence 72.2/100. Real HR probability estimate 7.54%. Power score 82.2; Proxy power data; barrel rate 17.3; hard-hit 59.1; EV 94.4; projected lineup spot 4; pitcher HR/9 0.55; Slight Boost; Neutral; Neutral Wind; RHB platoon look vs LHP; Pitcher suppresses HRs; Real Statcast barrel rate is elite; Hard-hit profile supports HR upside; Exit velocity supports power; Elite power profile; recent HR log: Sep 18 vs New York Mets: 1 HR (11 days ago) | Sep 06 vs Atlanta Braves: 1 HR (23 days ago) | Aug 03 vs Washington Nationals: 1 HR (57 days ago) | Jul 20 vs Los Angeles Dodgers: 1 HR (71 days ago) | Jul 10 vs Detroit Tigers: 1 HR (81 days ago); RHB vs LHP advantage check. Risk note: Home runs are low-frequency events; lineup is projected not confirmed; pitcher hand is L; weather direction is 116.0; full pitch-by-pitch mix is still pending until dedicated pitch feed is connected.
2026-09-29,TOMORROW,"Sep 29, 2026",8:00 PM ET,Tuesday,2026-09-30T00:00:00Z,Boston Red Sox @ New York Yankees,Cody Bellinger,New York Yankees,LF,641355,Home Runs,0.5,Payton Tolle,Payton Tolle,L,L,5,Projected,Active,Projected,Strong HR park • pull-side LH power,Volatile profile,Power 30%: 80.5 | Pitcher 20%: 63.3 | Weather 15%: 72.0 | Park 15%: 85.0 | Recent HR 10%: 80.7 | Lineup 10%: 76 | Pitch Matchup: 82.0,N/A,N/A,Odds feed not connected,No,7.3,7.3,7.3,77.9,90.4,3.96,16.8,57.8,48.2,94.1,16.1,N/A,Proxy,Sep 22 vs Tampa Bay Rays: 1 HR (7 days ago) | Sep 15 vs Minnesota Twins: 1 HR (14 days ago) | Sep 12 vs New York Mets: 1 HR (17 days ago) | Sep 11 vs New York Mets: 1 HR (18 days ago) | Sep 09 vs Colorado Rockies: 1 HR (20 days ago),5,7,"[{""Game"": ""@MT\n9/14/26"", ""Date"": ""Sep 14"", ""Opponent"": ""Minnesota Twins"", ""HR"": 0, ""Days Ago"": 15, ""Tooltip"": ""Sep 14 vs Minnesota Twins \u2014 0 HR""}, {""Game"": ""@MT\n9/15/26"", ""Date"": ""Sep 15"", ""Opponent"": ""Minnesota Twins"", ""HR"": 1, ""Days Ago"": 14, ""Tooltip"": ""Sep 15 vs Minnesota Twins \u2014 1 HR""}, {""Game"": ""@MT\n9/16/26"", ""Date"": ""Sep 16"", ""Opponent"": ""Minnesota Twins"", ""HR"": 0, ""Days Ago"": 13, ""Tooltip"": ""Sep 16 vs Minnesota Twins \u2014 0 HR""}, {""Game"": ""@AD\n9/18/26"", ""Date"": ""Sep 18"", ""Opponent"": ""Arizona Diamondbacks"", ""HR"": 0, ""Days Ago"": 11, ""Tooltip"": ""Sep 18 vs Arizona Diamondbacks \u2014 0 HR""}, {""Game"": ""@AD\n9/19/26"", ""Date"": ""Sep 19"", ""Opponent"": ""Arizona Diamondbacks"", ""HR"": 0, ""Days Ago"": 10, ""Tooltip"": ""Sep 19 vs Arizona Diamondbacks \u2014 0 HR""}, {""Game"": ""@AD\n9/20/26"", ""Date"": ""Sep 20"", ""Opponent"": ""Arizona Diamondbacks"", ""HR"": 0, ""Days Ago"": 9, ""Tooltip"": ""Sep 20 vs Arizona Diamondbacks \u2014 0 HR""}, {""Game"": ""@BR\n9/22/26"", ""Date"": ""Sep 22"", ""Opponent"": ""Tampa Bay Rays"", ""HR"": 0, ""Days Ago"": 7, ""Tooltip"": ""Sep 22 vs Tampa Bay Rays \u2014 0 HR""}, {""Game"": ""@BR\n9/22/26"", ""Date"": ""Sep 22"", ""Opponent"": ""Tampa Bay Rays"", ""HR"": 1, ""Days Ago"": 7, ""Tooltip"": ""Sep 22 vs Tampa Bay Rays \u2014 1 HR""}, {""Game"": ""@BR\n9/24/26"", ""Date"": ""Sep 24"", ""Opponent"": ""Tampa Bay Rays"", ""HR"": 0, ""Days Ago"": 5, ""Tooltip"": ""Sep 24 vs Tampa Bay Rays \u2014 0 HR""}, {""Game"": ""@BO\n9/25/26"", ""Date"": ""Sep 25"", ""Opponent"": ""Baltimore Orioles"", ""HR"": 0, ""Days Ago"": 4, ""Tooltip"": ""Sep 25 vs Baltimore Orioles \u2014 0 HR""}]",0.165,0.429,46.5,0.91,Proxy,Pitch mix pending,Same-side matchup; Real Statcast barrel rate is elite; Hard-hit profile supports HR upside; Exit velocity supports power; Strong power profile,82.0,Yankee Stadium,HR Boost,85.0,Neutral,Neutral,72.0,Neutral Wind,70.0,0,270.0,3.1,61.0,91.0,72.4,HIGH,Power score 80.5; Proxy power data; barrel rate 16.8; hard-hit 57.8; EV 94.1; projected lineup spot 5; pitcher HR/9 0.91; HR Boost; Neutral; Neutral Wind; Same-side matchup; Real Statcast barrel rate is elite; Hard-hit profile supports HR upside; Exit velocity supports power; Strong power profile; recent HR log: Sep 22 vs Tampa Bay Rays: 1 HR (7 days ago) | Sep 15 vs Minnesota Twins: 1 HR (14 days ago) | Sep 12 vs New York Mets: 1 HR (17 days ago) | Sep 11 vs New York Mets: 1 HR (18 days ago) | Sep 09 vs Colorado Rockies: 1 HR (20 days ago); Same-side split check.,Home runs are low-frequency events; lineup is projected not confirmed; pitcher hand is L; weather direction is 270.0; full pitch-by-pitch mix is still pending until dedicated pitch feed is connected.,HR confidence 72.4/100. Real HR probability estimate 7.3%. Power score 80.5; Proxy power data; barrel rate 16.8; hard-hit 57.8; EV 94.1; projected lineup spot 5; pitcher HR/9 0.91; HR Boost; Neutral; Neutral Wind; Same-side matchup; Real Statcast barrel rate is elite; Hard-hit profile supports HR upside; Exit velocity supports power; Strong power profile; recent HR log: Sep 22 vs Tampa Bay Rays: 1 HR (7 days ago) | Sep 15 vs Minnesota Twins: 1 HR (14 days ago) | Sep 12 vs New York Mets: 1 HR (17 days ago) | Sep 11 vs New York Mets: 1 HR (18 days ago) | Sep 09 vs Colorado Rockies: 1 HR (20 days ago); Same-side split check. Risk note: Home runs are low-frequency events; lineup is projected not confirmed; pitcher hand is L; weather direction is 270.0; full pitch-by-pitch mix is still pending until dedicated pitch feed is connected.
2026-09-29,TOMORROW,"Sep 29, 2026",2:00 PM ET,Tuesday,2026-09-29T18:00:00Z,Philadelphia Phillies @ Atlanta Braves,Edmundo Sosa,Philadelphia Phillies,LF,624641,Home Runs,0.5,Chris Sale,Chris Sale,L,R,5,Projected,Active,Projected,Slight HR park • pull-side RH power,Pitcher suppresses HR | Volatile profile,Power 30%: 75.5 | Pitcher 20%: 52.9 | Weather 15%: 70.0 | Park 15%: 75.0 | Recent HR 10%: 85.6 | Lineup 10%: 76 | Pitch Matchup: 84.0,N/A,N/A,Odds feed not connected,No,7.66,7.66,7.66,79.4,88.4,4.75,15.2,53.9,46.2,93.1,15.5,N/A,Proxy,Sep 27 vs Tampa Bay Rays: 1 HR (2 days ago) | Sep 18 vs New York Mets: 1 HR (11 days ago) | Aug 30 vs Los Angeles Angels: 1 HR (30 days ago) | Aug 28 vs Los Angeles Angels: 1 HR (32 days ago) | Jun 23 vs Washington Nationals: 1 HR (98 days ago),5,2,"[{""Game"": ""@HA\n9/8/26"", ""Date"": ""Sep 08"", ""Opponent"": ""Houston Astros"", ""HR"": 0, ""Days Ago"": 21, ""Tooltip"": ""Sep 08 vs Houston Astros \u2014 0 HR""}, {""Game"": ""@HA\n9/9/26"", ""Date"": ""Sep 09"", ""Opponent"": ""Houston Astros"", ""HR"": 0, ""Days Ago"": 20, ""Tooltip"": ""Sep 09 vs Houston Astros \u2014 0 HR""}, {""Game"": ""@HA\n9/10/26"", ""Date"": ""Sep 10"", ""Opponent"": ""Houston Astros"", ""HR"": 0, ""Days Ago"": 19, ""Tooltip"": ""Sep 10 vs Houston Astros \u2014 0 HR""}, {""Game"": ""@AB\n9/11/26"", ""Date"": ""Sep 11"", ""Opponent"": ""Atlanta Braves"", ""HR"": 0, ""Days Ago"": 18, ""Tooltip"": ""Sep 11 vs Atlanta Braves \u2014 0 HR""}, {""Game"": ""@AB\n9/12/26"", ""Date"": ""Sep 12"", ""Opponent"": ""Atlanta Braves"", ""HR"": 0, ""Days Ago"": 17, ""Tooltip"": ""Sep 12 vs Atlanta Braves \u2014 0 HR""}, {""Game"": ""@YM\n9/18/26"", ""Date"": ""Sep 18"", ""Opponent"": ""New York Mets"", ""HR"": 1, ""Days Ago"": 11, ""Tooltip"": ""Sep 18 vs New York Mets \u2014 1 HR""}, {""Game"": ""@YM\n9/19/26"", ""Date"": ""Sep 19"", ""Opponent"": ""New York Mets"", ""HR"": 0, ""Days Ago"": 10, ""Tooltip"": ""Sep 19 vs New York Mets \u2014 0 HR""}, {""Game"": ""@MB\n9/24/26"", ""Date"": ""Sep 24"", ""Opponent"": ""Milwaukee Brewers"", ""HR"": 0, ""Days Ago"": 5, ""Tooltip"": ""Sep 24 vs Milwaukee Brewers \u2014 0 HR""}, {""Game"": ""@BR\n9/25/26"", ""Date"": ""Sep 25"", ""Opponent"": ""Tampa Bay Rays"", ""HR"": 0, ""Days Ago"": 4, ""Tooltip"": ""Sep 25 vs Tampa Bay Rays \u2014 0 HR""}, {""Game"": ""@BR\n9/27/26"", ""Date"": ""Sep 27"", ""Opponent"": ""Tampa Bay Rays"", ""HR"": 1, ""Days Ago"": 2, ""Tooltip"": ""Sep 27 vs Tampa Bay Rays \u2014 1 HR""}]",0.182,0.429,45.1,0.55,Proxy,Pitch mix pending,RHB platoon look vs LHP; Pitcher suppresses HRs; Real Statcast barrel rate is elite; Hard-hit profile supports HR upside; Exit velocity supports power; Strong power profile,84.0,Truist Park,Slight Boost,75.0,Neutral,Neutral,70.0,Neutral Wind,70.0,0,116.0,4.2,69.7,40.0,69.9,HIGH,Power score 75.5; Proxy power data; barrel rate 15.2; hard-hit 53.9; EV 93.1; projected lineup spot 5; pitcher HR/9 0.55; Slight Boost; Neutral; Neutral Wind; RHB platoon look vs LHP; Pitcher suppresses HRs; Real Statcast barrel rate is elite; Hard-hit profile supports HR upside; Exit velocity supports power; Strong power profile; recent HR log: Sep 27 vs Tampa Bay Rays: 1 HR (2 days ago) | Sep 18 vs New York Mets: 1 HR (11 days ago) | Aug 30 vs Los Angeles Angels: 1 HR (30 days ago) | Aug 28 vs Los Angeles Angels: 1 HR (32 days ago) | Jun 23 vs Washington Nationals: 1 HR (98 days ago); RHB vs LHP advantage check.,Home runs are low-frequency events; lineup is projected not confirmed; pitcher hand is L; weather direction is 116.0; full pitch-by-pitch mix is still pending until dedicated pitch feed is connected.,HR confidence 69.9/100. Real HR probability estimate 7.66%. Power score 75.5; Proxy power data; barrel rate 15.2; hard-hit 53.9; EV 93.1; projected lineup spot 5; pitcher HR/9 0.55; Slight Boost; Neutral; Neutral Wind; RHB platoon look vs LHP; Pitcher suppresses HRs; Real Statcast barrel rate is elite; Hard-hit profile supports HR upside; Exit velocity supports power; Strong power profile; recent HR log: Sep 27 vs Tampa Bay Rays: 1 HR (2 days ago) | Sep 18 vs New York Mets: 1 HR (11 days ago) | Aug 30 vs Los Angeles Angels: 1 HR (30 days ago) | Aug 28 vs Los Angeles Angels: 1 HR (32 days ago) | Jun 23 vs Washington Nationals: 1 HR (98 days ago); RHB vs LHP advantage check. Risk note: Home runs are low-frequency events; lineup is projected not confirmed; pitcher hand is L; weather direction is 116.0; full pitch-by-pitch mix is still pending until dedicated pitch feed is connected.
2026-09-29,TOMORROW,"Sep 29, 2026",8:00 PM ET,Tuesday,2026-09-30T00:00:00Z,Boston Red Sox @ New York Yankees,Adley Rutschman,Boston Red Sox,C,668939,Home Runs,0.5,Cam Schlittler,Cam Schlittler,R,S,5,Projected,Active,Projected,Strong HR park • unknown pull side,Pitcher suppresses HR | Volatile profile,Power 30%: 79.3 | Pitcher 20%: 53.8 | Weather 15%: 72.0 | Park 15%: 85.0 | Recent HR 10%: 82.0 | Lineup 10%: 76 | Pitch Matchup: 77.0,N/A,N/A,Odds feed not connected,No,7.25,7.25,7.25,77.7,87.5,3.85,16.4,56.9,47.7,93.9,15.9,N/A,Proxy,Sep 27 vs Chicago Cubs: 1 HR (2 days ago) | Sep 07 vs Los Angeles Angels: 1 HR (22 days ago) | Sep 03 vs Baltimore Orioles: 2 HR (26 days ago) | Aug 18 vs Arizona Diamondbacks: 1 HR (42 days ago) | Jun 05 vs Toronto Blue Jays: 1 HR (116 days ago),6,2,"[{""Game"": ""@TR\n9/15/26"", ""Date"": ""Sep 15"", ""Opponent"": ""Texas Rangers"", ""HR"": 0, ""Days Ago"": 14, ""Tooltip"": ""Sep 15 vs Texas Rangers \u2014 0 HR""}, {""Game"": ""@TR\n9/16/26"", ""Date"": ""Sep 16"", ""Opponent"": ""Texas Rangers"", ""HR"": 0, ""Days Ago"": 13, ""Tooltip"": ""Sep 16 vs Texas Rangers \u2014 0 HR""}, {""Game"": ""@TR\n9/17/26"", ""Date"": ""Sep 17"", ""Opponent"": ""Texas Rangers"", ""HR"": 0, ""Days Ago"": 12, ""Tooltip"": ""Sep 17 vs Texas Rangers \u2014 0 HR""}, {""Game"": ""@BR\n9/19/26"", ""Date"": ""Sep 19"", ""Opponent"": ""Tampa Bay Rays"", ""HR"": 0, ""Days Ago"": 10, ""Tooltip"": ""Sep 19 vs Tampa Bay Rays \u2014 0 HR""}, {""Game"": ""@BR\n9/20/26"", ""Date"": ""Sep 20"", ""Opponent"": ""Tampa Bay Rays"", ""HR"": 0, ""Days Ago"": 9, ""Tooltip"": ""Sep 20 vs Tampa Bay Rays \u2014 0 HR""}, {""Game"": ""@CG\n9/22/26"", ""Date"": ""Sep 22"", ""Opponent"": ""Cleveland Guardians"", ""HR"": 0, ""Days Ago"": 7, ""Tooltip"": ""Sep 22 vs Cleveland Guardians \u2014 0 HR""}, {""Game"": ""@CG\n9/23/26"", ""Date"": ""Sep 23"", ""Opponent"": ""Cleveland Guardians"", ""HR"": 0, ""Days Ago"": 6, ""Tooltip"": ""Sep 23 vs Cleveland Guardians \u2014 0 HR""}, {""Game"": ""@CG\n9/24/26"", ""Date"": ""Sep 24"", ""Opponent"": ""Cleveland Guardians"", ""HR"": 0, ""Days Ago"": 5, ""Tooltip"": ""Sep 24 vs Cleveland Guardians \u2014 0 HR""}, {""Game"": ""@CC\n9/25/26"", ""Date"": ""Sep 25"", ""Opponent"": ""Chicago Cubs"", ""HR"": 0, ""Days Ago"": 4, ""Tooltip"": ""Sep 25 vs Chicago Cubs \u2014 0 HR""}, {""Game"": ""@CC\n9/27/26"", ""Date"": ""Sep 27"", ""Opponent"": ""Chicago Cubs"", ""HR"": 1, ""Days Ago"": 2, ""Tooltip"": ""Sep 27 vs Chicago Cubs \u2014 1 HR""}]",0.184,0.426,46.2,0.75,Proxy,Pitch mix pending,Same-side matchup; Pitcher suppresses HRs; Real Statcast barrel rate is elite; Hard-hit profile supports HR upside; Exit velocity supports power; Strong power profile,77.0,Yankee Stadium,HR Boost,85.0,Neutral,Neutral,72.0,Neutral Wind,70.0,0,270.0,3.1,61.0,91.0,70.5,HIGH,Power score 79.3; Proxy power data; barrel rate 16.4; hard-hit 56.9; EV 93.9; projected lineup spot 5; pitcher HR/9 0.75; HR Boost; Neutral; Neutral Wind; Same-side matchup; Pitcher suppresses HRs; Real Statcast barrel rate is elite; Hard-hit profile supports HR upside; Exit velocity supports power; Strong power profile; recent HR log: Sep 27 vs Chicago Cubs: 1 HR (2 days ago) | Sep 07 vs Los Angeles Angels: 1 HR (22 days ago) | Sep 03 vs Baltimore Orioles: 2 HR (26 days ago) | Aug 18 vs Arizona Diamondbacks: 1 HR (42 days ago) | Jun 05 vs Toronto Blue Jays: 1 HR (116 days ago); Same-side split check.,Home runs are low-frequency events; lineup is projected not confirmed; pitcher hand is R; weather direction is 270.0; full pitch-by-pitch mix is still pending until dedicated pitch feed is connected.,HR confidence 70.5/100. Real HR probability estimate 7.25%. Power score 79.3; Proxy power data; barrel rate 16.4; hard-hit 56.9; EV 93.9; projected lineup spot 5; pitcher HR/9 0.75; HR Boost; Neutral; Neutral Wind; Same-side matchup; Pitcher suppresses HRs; Real Statcast barrel rate is elite; Hard-hit profile supports HR upside; Exit velocity supports power; Strong power profile; recent HR log: Sep 27 vs Chicago Cubs: 1 HR (2 days ago) | Sep 07 vs Los Angeles Angels: 1 HR (22 days ago) | Sep 03 vs Baltimore Orioles: 2 HR (26 days ago) | Aug 18 vs Arizona Diamondbacks: 1 HR (42 days ago) | Jun 05 vs Toronto Blue Jays: 1 HR (116 days ago); Same-side split check. Risk note: Home runs are low-frequency events; lineup is projected not confirmed; pitcher hand is R; weather direction is 270.0; full pitch-by-pitch mix is still pending until dedicated pitch feed is connected.
2026-09-29,TOMORROW,"Sep 29, 2026",8:00 PM ET,Tuesday,2026-09-30T00:00:00Z,Boston Red Sox @ New York Yankees,Ceddanne Rafaela,Boston Red Sox,CF,678882,Home Runs,0.5,Cam Schlittler,Cam Schlittler,R,R,4,Projected,Active,Projected,Strong HR park • pull-side RH power,Pitcher suppresses HR | Volatile profile,Power 30%: 80.2 | Pitcher 20%: 53.8 | Weather 15%: 72.0 | Park 15%: 85.0 | Recent HR 10%: 78.6 | Lineup 10%: 88 | Pitch Matchup: 77.0,N/A,N/A,Odds feed not connected,No,6.1,6.1,6.1,72.9,84.0,1.32,16.7,57.6,48.1,94.0,16.0,N/A,Proxy,Aug 11 vs Toronto Blue Jays: 1 HR (49 days ago) | Aug 02 vs Los Angeles Dodgers: 1 HR (58 days ago) | Aug 01 vs Los Angeles Dodgers: 2 HR (59 days ago) | Jul 31 vs Los Angeles Dodgers: 1 HR (60 days ago) | Jul 27 vs Athletics: 1 HR (64 days ago),6,49,"[{""Game"": ""@YY\n8/28/26"", ""Date"": ""Aug 28"", ""Opponent"": ""New York Yankees"", ""HR"": 0, ""Days Ago"": 32, ""Tooltip"": ""Aug 28 vs New York Yankees \u2014 0 HR""}, {""Game"": ""@YY\n8/29/26"", ""Date"": ""Aug 29"", ""Opponent"": ""New York Yankees"", ""HR"": 0, ""Days Ago"": 31, ""Tooltip"": ""Aug 29 vs New York Yankees \u2014 0 HR""}, {""Game"": ""@YY\n8/29/26"", ""Date"": ""Aug 29"", ""Opponent"": ""New York Yankees"", ""HR"": 0, ""Days Ago"": 31, ""Tooltip"": ""Aug 29 vs New York Yankees \u2014 0 HR""}, {""Game"": ""@YY\n8/30/26"", ""Date"": ""Aug 30"", ""Opponent"": ""New York Yankees"", ""HR"": 0, ""Days Ago"": 30, ""Tooltip"": ""Aug 30 vs New York Yankees \u2014 0 HR""}, {""Game"": ""@SM\n8/31/26"", ""Date"": ""Aug 31"", ""Opponent"": ""Seattle Mariners"", ""HR"": 0, ""Days Ago"": 29, ""Tooltip"": ""Aug 31 vs Seattle Mariners \u2014 0 HR""}, {""Game"": ""@SM\n9/1/26"", ""Date"": ""Sep 01"", ""Opponent"": ""Seattle Mariners"", ""HR"": 0, ""Days Ago"": 28, ""Tooltip"": ""Sep 01 vs Seattle Mariners \u2014 0 HR""}, {""Game"": ""@SM\n9/2/26"", ""Date"": ""Sep 02"", ""Opponent"": ""Seattle Mariners"", ""HR"": 0, ""Days Ago"": 27, ""Tooltip"": ""Sep 02 vs Seattle Mariners \u2014 0 HR""}, {""Game"": ""@CG\n9/23/26"", ""Date"": ""Sep 23"", ""Opponent"": ""Cleveland Guardians"", ""HR"": 0, ""Days Ago"": 6, ""Tooltip"": ""Sep 23 vs Cleveland Guardians \u2014 0 HR""}, {""Game"": ""@CG\n9/24/26"", ""Date"": ""Sep 24"", ""Opponent"": ""Cleveland Guardians"", ""HR"": 0, ""Days Ago"": 5, ""Tooltip"": ""Sep 24 vs Cleveland Guardians \u2014 0 HR""}, {""Game"": ""@CC\n9/27/26"", ""Date"": ""Sep 27"", ""Opponent"": ""Chicago Cubs"", ""HR"": 0, ""Days Ago"": 2, ""Tooltip"": ""Sep 27 vs Chicago Cubs \u2014 0 HR""}]",0.159,0.442,46.5,0.75,Proxy,Pitch mix pending,Same-side matchup; Pitcher suppresses HRs; Real Statcast barrel rate is elite; Hard-hit profile supports HR upside; Exit velocity supports power; Strong power profile,77.0,Yankee Stadium,HR Boost,85.0,Neutral,Neutral,72.0,Neutral Wind,70.0,0,270.0,3.1,61.0,91.0,69.9,HIGH,Power score 80.2; Proxy power data; barrel rate 16.7; hard-hit 57.6; EV 94.0; projected lineup spot 4; pitcher HR/9 0.75; HR Boost; Neutral; Neutral Wind; Same-side matchup; Pitcher suppresses HRs; Real Statcast barrel rate is elite; Hard-hit profile supports HR upside; Exit velocity supports power; Strong power profile; recent HR log: Aug 11 vs Toronto Blue Jays: 1 HR (49 days ago) | Aug 02 vs Los Angeles Dodgers: 1 HR (58 days ago) | Aug 01 vs Los Angeles Dodgers: 2 HR (59 days ago) | Jul 31 vs Los Angeles Dodgers: 1 HR (60 days ago) | Jul 27 vs Athletics: 1 HR (64 days ago); Same-side split check.,Home runs are low-frequency events; lineup is projected not confirmed; pitcher hand is R; weather direction is 270.0; full pitch-by-pitch mix is still pending until dedicated pitch feed is connected.,HR confidence 69.9/100. Real HR probability estimate 6.1%. Power score 80.2; Proxy power data; barrel rate 16.7; hard-hit 57.6; EV 94.0; projected lineup spot 4; pitcher HR/9 0.75; HR Boost; Neutral; Neutral Wind; Same-side matchup; Pitcher suppresses HRs; Real Statcast barrel rate is elite; Hard-hit profile supports HR upside; Exit velocity supports power; Strong power profile; recent HR log: Aug 11 vs Toronto Blue Jays: 1 HR (49 days ago) | Aug 02 vs Los Angeles Dodgers: 1 HR (58 days ago) | Aug 01 vs Los Angeles Dodgers: 2 HR (59 days ago) | Jul 31 vs Los Angeles Dodgers: 1 HR (60 days ago) | Jul 27 vs Athletics: 1 HR (64 days ago); Same-side split check. Risk note: Home runs are low-frequency events; lineup is projected not confirmed; pitcher hand is R; weather direction is 270.0; full pitch-by-pitch mix is still pending until dedicated pitch feed is connected.
